CHAVE_INTERNA,PORTUGUES,INGLES,NORUEGUES
action.btn1,"Ver Programação","See Schedule","Se Program"
action.btn2,"Quero apoiar o projeto","I want to support the project","Jeg vil støtte prosjektet"
action.desc,"Encontre um workshop, uma aula, o seu lugar. O corpo sabe o caminho, basta começar.","Find a workshop, a class, your place. The body knows the way, just start.","Finn en workshop, en klasse, din plass. Kroppen vet veien, bare begynn."
action.kicker,"O próximo passo é simples","The next step is simple","Neste steg er enkelt"
action.title.p1,"Venha se","Come","Kom og"
action.title.p2,"mover.","move.","beveg deg."
actions.back,"Voltar","Back","Tilbake"
actions.book,"Agendar","Book now","Bestill"
actions.contact_us,"Fale Conosco","Contact Us","Kontakt oss"
actions.details,"Detalhes","Details","Detaljer"
actions.learn_more,"Saiba mais","Learn more","Les mer"
actions.ready_to_start,"Pronto para começar?","Ready to start?","Klar til å begynne?"
actions.view_dates,"Ver datas disponíveis","View available dates","Se ledige datoer"
activities.card1.desc,"Cada corpo carrega uma dança que ainda não se atreveu a sair. Estes workshops são o espaço onde movimento, presença e expressão a trazem à luz.","Every body carries a dance it hasn't yet dared to step into. These workshops are the space where movement, presence and expression bring it to light.","Hver kropp bærer en dans den ennå ikke har våget å slippe ut. Disse verkstedene er rommet der bevegelse, tilstedeværelse og uttrykk bringer den frem i lyset."
activities.card2.desc,"Práticas de movimento consciente que ampliam a percepção, estimulam a reorganização corporal e transformam a maneira como habitamos o corpo.","Conscious movement practices that broaden perception, stimulate body reorganization and transform the way we inhabit the body.","Bevisste bevegelsespraksiser som utvider oppfatningen, stimulerer kroppslig omorganisering og forvandler måten vi bor i kroppen på."
activities.card3.desc,"Projetos comunitários que atravessam ruas e bairros, tecendo laços, criando vínculos e transformando.","Community projects that cross streets and neighborhoods, weaving ties, creating bonds and transforming.","Samfunnsprosjekter som krysser gater og nabolag, vever bånd, skaper forbindelser og transformerer."
activities.cta,"CONHEÇA NOSSA PROGRAMAÇÃO","SEE OUR SCHEDULE","SE VÅRT PROGRAM"
activities.kicker,"O que fazemos","What we do","Hva vi gjør"
activities.title,"Nossas Atividades","Our Activities","Våre Aktiviteter"
adminPage.activeAgenda,"Agenda Ativa","Active Agenda","Aktiv Timeplan"
adminPage.addToInstructorCalendar,"Adicionar à Agenda do Instrutor (Google Calendar)","Add to Instructor Calendar (Google Calendar)","Legg til i Instruktørens Kalender (Google Calendar)"
adminPage.adminTitle,"Painel Administrativo","Administrative Panel","Administrasjonspanel"
adminPage.cancel,"Cancelar","Cancel","Avbryt"
adminPage.category,"Categoria","Category","Kategori"
adminPage.confirmDelete,"Tem certeza que deseja apagar este evento permanentemente?","Are you sure you want to permanently delete this event?","Er du sikker på at du vil slette dette arrangementet permanent?"
adminPage.createNew,"Criar Novo Evento","Create New Event","Opprett Nytt Arrangement"
adminPage.delete,"Excluir","Delete","Slett"
adminPage.deleteError,"Erro ao deletar.","Error deleting.","Feil ved sletting."
adminPage.edit,"Editar","Edit","Rediger"
adminPage.empty,"Nenhum evento criado ainda.","No events created yet.","Ingen arrangementer opprettet ennå."
adminPage.endTime,"Término","End Time","Sluttid"
adminPage.eventTitle,"Título do Evento","Event Title","Tittel på Arrangement"
adminPage.exDates,"Ex: 9 sextas-feiras: 18h","Ex: 9 Fridays: 18:00","F.eks: 9 fredager: 18:00"
adminPage.exLocation,"Ex: Rommen Skole","Ex: Rommen Skole","F.eks: Rommen Skole"
adminPage.global,"(GLOBAL)","(GLOBAL)","(GLOBAL)"
adminPage.instructor,"Instrutor","Instructor","Instruktør"
adminPage.instructorEmail,"E-mail do Instrutor","Instructor Email","Instruktørens E-post"
adminPage.languageTab,"Idioma do Formulário","Form Language","Skjemaspråk"
adminPage.loading,"Carregando...","Loading...","Laster..."
adminPage.location,"Local / Estúdio","Location / Studio","Sted / Studio"
adminPage.publish,"Publicar Evento","Publish Event","Publiser Arrangement"
adminPage.save,"Salvar Alterações","Save Changes","Lagre Endringer"
adminPage.saveError,"Erro ao salvar evento.","Error saving event.","Feil ved lagring av arrangement."
adminPage.scheduleText,"Texto Visível: Datas / Horários","Visible Text: Dates / Times","Synlig Tekst: Datoer / Tider"
adminPage.selectOrType,"Selecione ou digite...","Select or type...","Velg eller skriv..."
adminPage.spots,"Vagas","Spots","Plasser"
adminPage.startDate,"Data de Início","Start Date","Startdato"
adminPage.startTime,"Início","Start Time","Starttid"
adminPage.studentsModal.address,"Endereço","Address","Adresse"
adminPage.studentsModal.birthDateAndAge,"Nascimento / Idade","Birth / Age","Fødsel / Alder"
adminPage.studentsModal.completeView,"Completa","Complete","Fullstendig"
adminPage.studentsModal.confirmPromote,"Mover este aluno da lista de espera para os inscritos?","Move this student from the waitlist to enrolled?","Flytte denne deltakeren fra venteliste til påmeldt?"
adminPage.studentsModal.confirmRemove,"Tem certeza que deseja remover este aluno do evento?","Are you sure you want to remove this student from the event?","Er du sikker på at du vil fjerne denne deltakeren fra kurset?"
adminPage.studentsModal.copyEmails,"Copiar E-mails","Copy Emails","Kopier E-poster"
adminPage.studentsModal.emailsCopied,"E-mails copiados!","Emails copied!","E-poster kopiert!"
adminPage.studentsModal.enrolledTab,"Inscritos","Enrolled","Påmeldte"
adminPage.studentsModal.experience,"Experiência","Experience","Erfaring"
adminPage.studentsModal.exportCompleteCsv,"Exportar Completo (CSV)","Export Full CSV","Eksporter Fullstendig (CSV)"
adminPage.studentsModal.exportCsv,"Exportar CSV","Export CSV","Eksporter CSV"
adminPage.studentsModal.noEnrolled,"Nenhum aluno inscrito ainda neste workshop.","No students enrolled yet in this workshop.","Ingen påmeldte deltakere ennå på dette kurset."
adminPage.studentsModal.noWaitlist,"Ninguém na lista de espera no momento.","No one on the waitlist at the moment.","Ingen på venteliste for øyeblikket."
adminPage.studentsModal.none,"Nenhuma","None","Ingen"
adminPage.studentsModal.notInformed,"Não informado","Not specified","Ikke oppgitt"
adminPage.studentsModal.promote,"Promover","Promote","Flytt til Påmeldte"
adminPage.studentsModal.remove,"Remover","Remove","Fjern"
adminPage.studentsModal.restrictions,"Restrições","Restrictions","Begrensninger"
adminPage.studentsModal.simpleView,"Simplificada","Simplified","Forenklet"
adminPage.studentsModal.waitlistTab,"Lista de Espera","Waitlist","Venteliste"
adminPage.studentsModal.yearsOld,"anos","years old","år"
adminPage.totalHours,"Horas (h)","Hours (h)","Timer (t)"
adminPage.totalSpots,"Total de Vagas","Total Spots","Totalt Antall Plasser"
adminPage.viewStudents,"Ver Alunos","View Students","Se Elever"
adminPage.waitlist,"Espera","Waitlist","Venteliste"
agenda.coming_soon,"Em breve","Coming soon","Kommer snart"
agenda.location,"Oslo, Noruega","Oslo, Norway","Oslo, Norge"
agenda.no_events,"Nenhum evento encontrado para este filtro no momento.","No events found for this filter at the moment.","Ingen arrangementer funnet for dette filteret for øyeblikket."
agenda.subtitle,"Acompanhe nossas próximas datas para os workshops, sessões regulares e vivências do Be The Dance e Biostretch.","Follow our upcoming dates for workshops, regular sessions, and experiences from Be The Dance and Biostretch.","Følg med på våre kommende datoer for workshops, faste timer og opplevelser fra Be The Dance og Biostretch."
agenda.tbd,"A definir","TBD","TBD"
agendaPage.addToCalendar,"Adicionar ao Calendário","Add to Calendar","Legg til i kalender"
agendaPage.cancel,"Cancelar Inscrição","Cancel Enrollment","Avbryt Påmelding"
agendaPage.cancelError,"Erro ao cancelar: ","Error canceling: ","Feil ved avbestilling: "
agendaPage.comingSoon,"Em breve","Coming soon","Kommer snart"
agendaPage.confirmCancel,"Tem certeza que deseja cancelar sua inscrição/espera para este evento?","Are you sure you want to cancel your enrollment/waitlist for this event?","Er du sikker på at du vil avbryte påmeldingen/ventelisten for dette arrangementet?"
agendaPage.empty,"Nenhum evento encontrado no momento.","No events found at the moment.","Ingen arrangementer funnet for øyeblikket."
agendaPage.enrolled,"Inscrito","Enrolled","Påmeldt"
agendaPage.filterAll,"Todos","All","Alle"
agendaPage.instructor,"Instrutor","Instructor","Instruktør"
agendaPage.joinWaitlist,"Entrar na Espera","Join Waitlist","Sett deg på venteliste"
agendaPage.loading,"Carregando agenda...","Loading schedule...","Laster timeplan..."
agendaPage.spotsLeft,"Restam {{count}} vagas","{{count}} spots left","{{count}} plasser igjen"
agendaPage.spotsLeftOne,"Resta 1 vaga","1 spot left","1 plass igjen"
agendaPage.subscribe,"Inscreva-se","Subscribe","Meld deg på"
agendaPage.subtitle,"Acompanhe nossas próximas datas para os workshops, sessões regulares e vivências do Be The Dance e Biostretch.","Follow our upcoming dates for workshops, regular sessions and experiences of Be The Dance and Biostretch.","Følg våre kommende datoer for workshops, faste timer og opplevelser fra Be The Dance og Biostretch."
agendaPage.tbd,"Horários a definir","Schedule to be confirmed","Tidspunkt bekreftes snart"
agendaPage.title,"Agenda Completa","Full Schedule","Full Timeplan"
agendaPage.waitlist,"Na Espera","On Waitlist","På venteliste"
auth.addressLabel,"Endereço *","Address *","Adresse *"
auth.addressPlaceholder,"Nome da rua, número","Street name, number","Gatenavn, husnummer"
auth.alreadyHaveAccount,"Já tem uma conta?","Already have an account?","Har du allerede en konto?"
auth.birthDateLabel,"Data de Nascimento *","Date of Birth *","Fødselsdato *"
auth.birthDatePlaceholder,"DD/MM/AAAA","YYYY-MM-DD","ÅÅÅÅ-MM-DD"
auth.cityLabel,"Cidade *","City *","By *"
auth.cityPlaceholder,"Sua cidade","Your city","Din by"
auth.confirmPasswordLabel,"Confirmar Senha *","Confirm Password *","Bekreft Passord *"
auth.confirmPasswordPlaceholder,"••••••••","••••••••","••••••••"
auth.countryLabel,"País *","Country *","Land *"
auth.countryPlaceholder,"Brasil, Noruega...","Norway...","Norge..."
auth.createAccountLink,"Criar conta","Create account","Opprett konto"
auth.creatingAccount,"Criando Conta...","Creating Account...","Oppretter Konto..."
auth.emailLabel,"E-mail *","Email *","E-post *"
auth.emailPlaceholder,"seuemail@exemplo.com","your.email@example.com","din.epost@eksempel.no"
auth.experienceLabel,"Experiência prévia com dança ou trabalho corporal?","Previous experience with dance or bodywork?","Tidligere erfaring med dans eller kroppsarbeid?"
auth.experiencePlaceholder,"Conte-nos brevemente sobre sua experiência...","Tell us briefly about your dance experience...","Fortell oss kort om din erfaring..."
auth.forgotPassword,"Esqueceu a senha?","Forgot password?","Glemt passord?"
auth.fullNameLabel,"Nome Completo *","Full Name *","Fullt Navn *"
auth.fullNamePlaceholder,"Seu nome completo","Your full name","Ditt fulle navn"
auth.loggingIn,"Entrando...","Logging in...","Logger inn..."
auth.loginBtn,"Entrar","Log In","Logg Inn"
auth.loginError,"Falha ao fazer login. Verifique seu email e senha.","Failed to log in. Please check your email and password.","Kunne ikke logge inn. Vennligst sjekk e-post og passord."
auth.loginLink,"Entrar","Log in","Logg inn"
auth.loginSubtitle,"Acesse sua conta para gerenciar suas aulas.","Access your account to manage your classes.","Logg inn på kontoen din for å administrere timene dine."
auth.loginTitle,"Bem-vindo de volta","Welcome Back","Velkommen Tilbake"
auth.neighborhoodLabel,"Bairro *","Neighborhood / District *","Nabolag / Bydel *"
auth.neighborhoodPlaceholder,"Seu bairro","Your neighborhood","Ditt nabolag"
auth.noAccount,"Ainda não tem uma conta?","Don't have an account yet?","Har du ikke konto ennå?"
auth.passwordLabel,"Senha *","Password *","Passord *"
auth.passwordMismatch,"As senhas não coincidem.","Passwords do not match.","Passordene samsvarer ikke."
auth.passwordPlaceholder,"••••••••","••••••••","••••••••"
auth.phoneLabel,"Telefone / WhatsApp *","Phone / WhatsApp *","Telefon / WhatsApp *"
auth.phonePlaceholder,"+55 ... / +47 ...","+47 ...","+47 ..."
auth.profileError,"Erro ao atualizar cadastro. Tente novamente.","Failed to update profile. Please try again.","Kunne ikke oppdatere profilen. Vennligst prøv igjen."
auth.profileSubtitle,"Mantenha seus dados cadastrais atualizados.","Keep your registration details up to date.","Hold registreringsopplysningene dine oppdatert."
auth.profileSuccess,"Cadastro atualizado com sucesso!","Profile updated successfully!","Profilen ble oppdatert!"
auth.profileTitle,"Meu Perfil","My Profile","Min Profil"
auth.readOnlyEmail,"O e-mail não pode ser alterado diretamente.","Email address cannot be changed directly.","E-postadressen kan ikke endres direkte."
auth.resetEnterEmail,"Digite seu e-mail acima para redefinir a senha.","Enter your email above to reset your password.","Skriv inn e-posten din ovenfor for å tilbakestille passordet."
auth.resetError,"Falha ao redefinir a senha. Verifique o e-mail digitado.","Failed to reset password. Please check the entered email.","Kunne ikke tilbakestille passordet. Sjekk oppgitt e-post."
auth.resetSuccess,"Verifique sua caixa de entrada para redefinir a senha.","Check your inbox for password reset instructions.","Sjekk innboksen din for å tilbakestille passordet."
auth.restrictionsLabel,"Restrições físicas ou de saúde?","Physical or health restrictions?","Fysiske eller helsemessige hensyn?"
auth.restrictionsPlaceholder,"Alguma lesão ou condição que o professor deva saber?","Any injury or condition the instructor should know about?","Skader eller tilstander læreren bør vite om?"
auth.saveProfile,"Salvar Alterações","Save Changes","Lagre Endringer"
auth.savingProfile,"Salvando...","Saving...","Lagrer..."
auth.signupBtn,"Criar Conta","Create Account","Opprett Konto"
auth.signupError,"Falha ao criar conta. Verifique se o e-mail já está em uso.","Failed to create account. Check if the email is already in use.","Kunne ikke opprette konto. Sjekk om e-posten allerede er i bruk."
auth.signupSubtitle,"Junte-se ao Dance2Dance e reserve suas aulas.","Join Dance2Dance and book your classes.","Bli med i Dance2Dance og bestill dine timer."
auth.signupTitle,"Criar Conta","Create Account","Opprett Konto"
auth.zipLabel,"CEP / Código Postal *","ZIP / Postal Code *","Postnummer *"
auth.zipPlaceholder,"00000-000","Postal / ZIP code (e.g. 0190)","Postnummer (f.eks. 0190)"
be_the_dance_philosophy.m1.l1,"Você não precisa aprender a dançar.","You don't need to learn how to dance.","Du trenger ikke å lære å danse."
be_the_dance_philosophy.m2.kicker,"DO FAZER AO SER","FROM DOING TO BEING","FRA Å GJØRE TIL Å VÆRE"
be_the_dance_philosophy.m2.t1,"BE THE","BE THE","BE THE"
be_the_dance_philosophy.m2.t2,"DANCE","DANCE","DANCE"
be_the_dance_philosophy.m3.kicker,"O POTENCIAL","THE POTENTIAL","POTENSIALET"
be_the_dance_philosophy.m3.p1,"Existe uma possibilidade de dança em cada corpo.","There is a possibility of dance in every body.","Det finnes en mulighet for dans i hver kropp."
be_the_dance_philosophy.m3.p2,"Não uma dança que se aprende mas uma que se descobre.","Not a dance you learn, but one you discover.","Ikke en dans du lærer, men en du oppdager."
be_the_dance_philosophy.m3.p3,"Ritmo, impulso, pausa. O corpo já conhece esse","Rhythm, impulse, pause. The body already knows this","Rytme, impuls, pause. Kroppen kjenner allerede til dette"
be_the_dance_philosophy.m3.p4,"vocabulário. Cada workshop cria as condições para que","vocabulary. Each workshop creates the conditions for it","vokabularet. Hver workshop skaper forholdene for at det"
be_the_dance_philosophy.m3.p5,"ele se torne expressão.","to become expression.","skal bli til uttrykk."
be_the_dance_philosophy.m4.l1,"Há milênios, antes de qualquer técnica,","For millennia, before any technique,","I årtusener, før noen teknikk eksisterte,"
be_the_dance_philosophy.m4.l2,"o corpo já dançava.","the body was already dancing.","danset kroppen allerede."
be_the_dance_philosophy.m5.c1.desc,"Soltar a tensão acumulada. Deixar o movimento encontrar seu próprio caminho.","Release accumulated tension. Let movement find its own path.","Slipp oppsamlet spenning. La bevegelsen finne sin egen vei."
be_the_dance_philosophy.m5.c1.title,"Do esforço ao fluxo.","From effort to flow.","Fra innsats til flyt."
be_the_dance_philosophy.m5.c2.desc,"Sair da preocupação com ""como estou dançando"" para perceber o que o corpo quer dizer.","Shift from worrying about ""how I'm dancing"" to perceiving what the body wants to say.","Gå fra å bekymre deg for ""hvordan jeg danser"" til å oppfatte hva kroppen vil si."
be_the_dance_philosophy.m5.c2.title,"Da forma à presença.","From form to presence.","Fra form til tilstedeværelse."
be_the_dance_philosophy.m5.c3.desc,"Ouvir a respiração. Seguir o impulso. Responder à música antes de pensar.","Listen to the breath. Follow the impulse. Respond to the music before thinking.","Lytt til pusten. Følg impulsen. Svar på musikken før du tenker."
be_the_dance_philosophy.m5.c3.title,"Do controle à escuta.","From control to listening.","Fra kontroll til lytting."
be_the_dance_philosophy.m5.c4.desc,"Reconhecer o corpo por inteiro. Sentir como uma parte se conecta a outra, e outra, e outra.","Recognize the body as a whole. Feel how one part connects to another, and another, and another.","Anerkjenn kroppen som en helhet. Kjenn hvordan en del henger sammen med en annen, og en annen, og en annen."
be_the_dance_philosophy.m5.c4.title,"Do isolamento à percepção.","From isolation to perception.","Fra isolasjon til persepsjon."
be_the_dance_philosophy.m6.l1,"A dança não precisa ser aprendida.","Dance doesn't need to be learned.","Dans trenger ikke læres."
be_the_dance_philosophy.m6.l2,"Precisa ser permitida.","It needs to be permitted.","Den må tillates."
be_the_dance_philosophy.m7.kicker,"Os caminhos","The paths","Veiene"
be_the_dance_philosophy.m7.l1,"Cada workshop explora um território.","Each workshop explores a territory.","Hvert workshop utforsker et territorium."
be_the_dance_philosophy.m7.l2,"Escolha o que te chama primeiro.","Choose what calls you first.","Velg det som kaller på deg først."
biostretch_philosophy.m1.l1,"Seu corpo já sabe o que está tenso.","Your body already knows what is tense.","Kroppen din vet allerede hva som er anspent."
biostretch_philosophy.m1.l2,"Você só deixou de escutá-lo.","You just stopped listening to it.","Du har bare sluttet å lytte til den."
biostretch_philosophy.m2.kicker,"Quatro décadas de pesquisa em movimento","Four decades of movement research","Fire tiår med bevegelsesforskning"
biostretch_philosophy.m2.title,"BIOSTRETCH","BIOSTRETCH","BIOSTRETCH"
biostretch_philosophy.m3.kicker,"O princípio","The principle","Prinsippet"
biostretch_philosophy.m3.p1,"Movimentos simples. Atenção precisa.","Simple movements. Precise attention.","Enkle bevegelser. Presis oppmerksomhet."
biostretch_philosophy.m3.p2,"O Biostretch usa a ferramenta mais acessível que existe, a sua atenção, para transformar a maneira como o corpo se organiza.","Biostretch uses the most accessible tool there is, your attention, to transform how the body organizes itself.","Biostretch bruker det mest tilgjengelige verktøyet som finnes, oppmerksomheten din, for å transformere hvordan kroppen organiserer seg."
biostretch_philosophy.m3.p3,"Importa menos o que se faz","It matters less what you do","Det spiller mindre rolle hva du gjør"
biostretch_philosophy.m3.p4,"e mais como se faz.","and more how you do it.","og mer hvordan du gjør det."
biostretch_philosophy.m4.l1,"O corpo não esqueceu como se mover.","The body hasn't forgotten how to move.","Kroppen har ikke glemt hvordan den skal bevege seg."
biostretch_philosophy.m4.l2,"Prestar atenção é que foi esquecido.","Paying attention is what was forgotten.","Å være oppmerksom er det som ble glemt."
biostretch_philosophy.m5.c1.desc,"O que se acumulou no pescoço, nos ombros, nas costas encontra espaço para se soltar.","What accumulated in the neck, shoulders, and back finds space to release.","Det som har samlet seg i nakken, skuldrene og ryggen finner plass til å slippe taket."
biostretch_philosophy.m5.c1.title,"Na superfície, tensão se dissolve.","On the surface, tension dissolves.","På overflaten løses spenninger opp."
biostretch_philosophy.m5.c2.desc,"Hábitos automáticos de movimento, que nunca foram escolhidos, tornam-se visíveis pela primeira vez.","Automatic habits of movement — which were never chosen — become visible for the first time.","Automatiske bevegelsesvaner — som aldri ble valgt — blir synlige for første gang."
biostretch_philosophy.m5.c2.title,"Abaixo, padrões se revelam.","Below, patterns reveal themselves.","Under overflaten avsløres mønstre."
biostretch_philosophy.m5.c3.desc,"O sistema nervoso encontra equilíbrio. A respiração se aprofunda. O estresse perde terreno.","The nervous system finds balance. Breathing deepens. Stress loses ground.","Nervesystemet finner balanse. Pusten blir dypere. Stresset mister terreng."
biostretch_philosophy.m5.c3.title,"Mais fundo, o ritmo muda.","Deeper down, the rhythm changes.","Dypere nede endres rytmen."
biostretch_philosophy.m5.c4.desc,"O corpo descobre caminhos mais inteligentes para se mover. Não por esforço, por percepção.","The body discovers smarter ways to move. Not through effort, but through perception.","Kroppen oppdager smartere måter å bevege seg på. Ikke gjennom anstrengelse, men gjennom persepsjon."
biostretch_philosophy.m5.c4.title,"Na base, algo se reorganiza.","At the base, something reorganizes.","I bunnen reorganiseres noe."
biostretch_philosophy.m6.l1,"Menos esforço.","Less effort.","Mindre innsats."
biostretch_philosophy.m6.l2,"Mais consciência.","More awareness.","Mer bevissthet."
biostretch_philosophy.m6.l3,"Qualquer corpo, qualquer idade, qualquer ponto de partida.","Any body, any age, any starting point.","Hvilken som helst kropp, hvilken som helst alder, hvilket som helst utgangspunkt."
biostretch_philosophy.m7.kicker,"Seis práticas","Six practices","Seks praksiser"
biostretch_philosophy.m7.l1,"Cada workshop trabalha uma camada.","Each workshop works on one layer.","Hvert workshop jobber med ett lag."
biostretch_philosophy.m7.l2,"Comece pela que seu corpo pedir.","Start with whatever your body asks for.","Start med det kroppen din ber om."
contactPage.addressLabel,"Endereço (Opcional)","Address (Optional)","Adresse (Valgfritt)"
contactPage.addressPlaceholder,"Nome da rua, número","Street name, number","Gatenavn, husnummer"
contactPage.bannerCta,"Explorar Agenda","Explore Schedule","Utforsk Timeplan"
contactPage.bannerDesc,"Confira nossas próximas datas e garanta sua vaga diretamente na nossa programação oficial.","Check our upcoming dates and secure your spot directly in our official schedule.","Sjekk våre kommende datoer og sikre din plass direkte i vår offisielle timeplan."
contactPage.bannerKicker,"AGENDA ATIVA","ACTIVE SCHEDULE","AKTIV TIMEPLAN"
contactPage.bannerTitle,"Quer participar de um workshop?","Want to join a workshop?","Vil du bli med på en workshop?"
contactPage.cityLabel,"Cidade (Opcional)","City (Optional)","By (Valgfritt)"
contactPage.cityPlaceholder,"Sua cidade","Your city","Din by"
contactPage.countryLabel,"País (Opcional)","Country (Optional)","Land (Valgfritt)"
contactPage.countryPlaceholder,"Brasil, Noruega...","Norway...","Norge..."
contactPage.emailLabel,"E-mail","Email","E-post"
contactPage.emailPlaceholder,"seuemail@exemplo.com","your.email@example.com","din.epost@eksempel.no"
contactPage.emailRequired,"Por favor, insira um e-mail válido.","Please enter a valid email address.","Vennligst oppgi en gyldig e-postadresse."
contactPage.executiveSubtitle,"Conecte sua organização ou empresa com o Dance 2 Dance para projetos sociais, bem-estar corporativo ou parcerias.","Connect your organization or company with Dance 2 Dance for social projects, corporate wellness, or partnerships.","Koble din organisasjon eller bedrift med Dance 2 Dance for sosiale prosjekter, bedriftsvelvære eller partnerskap."
contactPage.executiveTitle,"Agendar Reunião Executiva","Schedule Executive Meeting","Planlegg Ledermøte"
contactPage.infoDesc,"Espaço de encontro, movimento e transformação social através da arte da dança e do bem-estar corporal.","A space for meeting, movement, and social transformation through dance art and bodily well-being.","Et rom for møter, bevegelse og sosial transformasjon gjennom dansekunst og kroppslig velvære."
contactPage.kicker,"CONTATO & PARCERIAS","CONTACT & PARTNERSHIPS","KONTAKT & SAMARBEID"
contactPage.messageLabel,"Mensagem *","Message *","Melding *"
contactPage.messagePlaceholder,"Como podemos te ajudar?","How can we help you?","Hvordan kan vi hjelpe deg?"
contactPage.nameLabel,"Nome (Opcional)","Name (Optional)","Navn (Valgfritt)"
contactPage.namePlaceholder,"Seu nome ou empresa","Your name or company","Ditt navn eller bedrift"
contactPage.neighborhoodLabel,"Bairro (Opcional)","Neighborhood (Optional)","Nabolag (Valgfritt)"
contactPage.neighborhoodPlaceholder,"Seu bairro","Your neighborhood","Ditt nabolag"
contactPage.phoneLabel,"Telefone / WhatsApp (Opcional)","Phone / WhatsApp (Optional)","Telefon / WhatsApp (Valgfritt)"
contactPage.phonePlaceholder,"+55 ... / +47 ...","+47 ...","+47 ..."
contactPage.sendAnother,"Enviar Outra Mensagem","Send Another Message","Send Ny Melding"
contactPage.sendError,"Falha ao enviar mensagem. Tente novamente mais tarde.","Failed to send message. Please try again later.","Kunne ikke sende melding. Vennligst prøv igjen senere."
contactPage.sending,"Enviando...","Sending...","Sender..."
contactPage.subjectCorporate,"Biostretch para Empresas","Biostretch for Companies","Biostretch for Bedrifter"
contactPage.subjectExecutive,"Reunião Executiva / Projeto Social","Executive Meeting / Social Project","Ledermøte / Sosialt Prosjekt"
contactPage.subjectGeneral,"Dúvidas Gerais / Informações","General Inquiries / Information","Generelle henvendelser / Informasjon"
contactPage.subjectIndividual,"Sessão Individual / Personal","Individual Session / Personal","Individuell Økt / Personlig"
contactPage.subjectLabel,"Assunto","Subject","Emne"
contactPage.subjectPartnership,"Parcerias & Patrocínios","Partnerships & Sponsorships","Samarbeid & Sponsorer"
contactPage.submitBtn,"Enviar Mensagem","Send Message","Send Melding"
contactPage.subtitle,"Tem dúvidas sobre workshops, aulas regulares ou parcerias institucionais? Fale diretamente conosco.","Have questions about workshops, regular classes, or institutional partnerships? Talk directly to us.","Har du spørsmål om workshops, faste timer eller institusjonelle samarbeid? Ta direkte kontakt med oss."
contactPage.successDesc,"Recebemos sua mensagem com sucesso. Entraremos em contato o mais breve possível.","We have received your message. We will get back to you as soon as possible.","Vi har mottatt meldingen din. Vi tar kontakt med deg så snart som mulig."
contactPage.successTitle,"Mensagem Enviada!","Message Sent!","Melding Sendt!"
contactPage.title,"Entre em Contato","Get in Touch","Ta Kontakt"
contactPage.zipLabel,"CEP / Código Postal (Opcional)","ZIP / Postal Code (Optional)","Postnummer (Valgfritt)"
contactPage.zipPlaceholder,"00000-000","Postal / ZIP code (e.g. 0190)","Postnummer (f.eks. 0190)"
corporate.audience.intro,"O Biostretch Corporativo é indicado para organizações que desejam criar espaços de pausa orientada, escuta ativa e fortalecimento do bem-estar físico e emocional dentro do ambiente institucional. Especialmente indicado para:","Biostretch Corporate is designed for organizations that wish to create spaces of guided pause, active listening, and strengthening of physical and emotional well-being within the institutional environment. Especially recommended for:","Biostretch Corporate er designet for organisasjoner som ønsker å skape rom for veiledet pause, aktiv lytting og styrking av fysisk og emosjonelt velvære innenfor det institusjonelle miljøet. Spesielt anbefalt for:"
corporate.audience.items.attention,"Equipes que buscam mais atenção e consciência corporal","Teams seeking more attention and body awareness","Team som søker mer oppmerksomhet og kroppsbevissthet"
corporate.audience.items.high_demand,"Ambientes de alta demanda que pedem momentos de pausa e reconexão","High-demand environments that need moments of pause and reconnection","Miljøer med høye krav som trenger øyeblikk av pause og gjenforening"
corporate.audience.items.relationships,"Organizações que valorizam relações e equilíbrio no trabalho","Organizations that value relationships and balance at work","Organisasjoner som verdsetter relasjoner og balanse på arbeidsplassen"
corporate.audience.items.seated,"Pessoas que passam longos períodos sentadas diante de telas","People who spend long periods seated in front of screens","Personer som tilbringer lange perioder sittende foran skjermer"
corporate.audience.items.standing,"Colaboradores que ficam muitas horas em pé ou em constante deslocamento","Employees who spend many hours standing or in constant movement","Medarbeidere som står i mange timer eller er i konstant bevegelse"
corporate.audience.items.wellbeing_culture,"Empresas que querem integrar bem-estar à sua cultura","Companies wanting to integrate well-being into their culture","Bedrifter som vil integrere velvære i sin kultur"
corporate.audience.kicker,"PARA EMPRESAS QUE VALORIZAM PESSOAS","FOR COMPANIES THAT VALUE PEOPLE","FOR BEDRIFTER SOM VERDSETTER MENNESKER"
corporate.benefits.cards.consciousness.desc,"Perceber como o corpo se organiza no dia a dia","Perceiving how the body organizes itself in daily life","Å oppdage hvordan kroppen organiserer seg i hverdagen"
corporate.benefits.cards.consciousness.title,"Consciência corporal","Body awareness","Kroppsbevissthet"
corporate.benefits.cards.coordination.desc,"Ampliar a relação entre intenção e movimento","Expanding the relationship between intention and movement","Å utvide forholdet mellom intensjon og bevegelse"
corporate.benefits.cards.coordination.title,"Coordenação e percepção","Coordination and perception","Koordinasjon og persepsjon"
corporate.benefits.cards.environment.desc,"Contribuir para relações mais saudáveis e sustentáveis no trabalho","Contributing to healthier and more sustainable workplace relationships","Å bidra til sunnere og mer bærekraftige relasjoner på arbeidsplassen"
corporate.benefits.cards.environment.title,"Ambiente mais humano","A more human environment","Et mer menneskelig miljø"
corporate.benefits.cards.mobility.desc,"Recuperar a liberdade de movimentos que o corpo naturalmente possui","Recovering the freedom of movement the body naturally possesses","Å gjenvinne bevegelsesfriheten kroppen naturlig besitter"
corporate.benefits.cards.mobility.title,"Mobilidade e equilíbrio","Mobility and balance","Mobilitet og balanse"
corporate.benefits.cards.overload.desc,"Interromper o ciclo de tensão antes que ele se instale","Interrupting the tension cycle before it settles in","Å avbryte spenningssyklusen før den setter seg"
corporate.benefits.cards.overload.title,"Redução da sobrecarga","Reducing overload","Reduksjon av overbelastning"
corporate.benefits.cards.pause.desc,"Criar intervalos que renovam a energia ao longo da jornada","Creating intervals that renew energy throughout the day","Å skape intervaller som fornyer energien gjennom dagen"
corporate.benefits.cards.pause.title,"Pausa e recuperação","Pause and recovery","Pause og restitusjon"
corporate.benefits.cards.presence.desc,"Cultivar a capacidade de estar inteiro no que se faz","Cultivating the ability to be fully present in what we do","Å dyrke evnen til å være helt til stede i det man gjør"
corporate.benefits.cards.presence.title,"Presença e atenção","Presence and attention","Tilstedeværelse og oppmerksomhet"
corporate.benefits.cards.selfcare.desc,"Desenvolver o hábito de cuidar de si como parte da rotina","Developing the habit of caring for oneself as part of the routine","Å utvikle vanen med å ta vare på seg selv som del av rutinen"
corporate.benefits.cards.selfcare.title,"Autocuidado","Self-care","Egenomsorg"
corporate.benefits.cards.tension_relief.desc,"Liberar o que se acumula sem que a gente perceba","Releasing what accumulates without us noticing","Å frigjøre det som samler seg opp uten at vi merker det"
corporate.benefits.cards.tension_relief.title,"Alívio de tensões","Tension relief","Spenningslindring"
corporate.benefits.intro,"O Biostretch parte de um princípio simples: o corpo foi feito para se movimentar. Ao trazer mais atenção para a forma como nos posicionamos, respiramos e nos movimentamos, a prática cria oportunidades para desenvolver maior consciência corporal e incorporar hábitos de autocuidado que permanecem para além do workshop.","Biostretch starts from a simple principle: the body was made to move. By bringing more attention to how we position ourselves, breathe, and move, the practice creates opportunities to develop greater body awareness and incorporate self-care habits that last beyond the workshop.","Biostretch starter fra et enkelt prinsipp: kroppen er laget for å bevege seg. Ved å bringe mer oppmerksomhet til hvordan vi posisjonerer oss, puster og beveger oss, skaper praksisen muligheter for å utvikle større kroppsbevissthet og innlemme egenomsorgsvaner som varer utover workshopen."
corporate.benefits.kicker,"MOVIMENTO COM PROPÓSITO","MOVEMENT WITH PURPOSE","BEVEGELSE MED HENSIKT"
corporate.body.p1,"Por meio de práticas que combinam movimento, alongamento, respiração e atenção ao corpo, os colaboradores são convidados a sair do modo automático e desenvolver uma relação mais consciente com sua postura, seus movimentos e seu próprio bem-estar.","Through practices that combine movement, stretching, breathing, and attention to the body, employees are invited to step out of automatic mode and develop a more conscious relationship with their posture, movements, and well-being.","Gjennom praksiser som kombinerer bevegelse, strekking, pust og oppmerksomhet på kroppen, inviteres medarbeiderne til å gå ut av automatmodus og utvikle en mer bevisst relasjon til sin holdning, sine bevegelser og sitt eget velvære."
corporate.body.p2,"Cada empresa tem sua própria dinâmica. Cada equipe enfrenta diferentes desafios físicos e mentais ao longo da jornada de trabalho. Longos períodos diante do computador, tarefas repetitivas, muitas horas em pé, pressão por resultados e uma rotina intensa podem gerar desgaste e acúmulo de tensões que passam despercebidas, até que o corpo dê os seus sinais.","Every company has its own dynamics. Every team faces different physical and mental challenges throughout the workday. Long hours at the computer, repetitive tasks, many hours standing, pressure for results, and an intense routine can generate wear and accumulated tension that goes unnoticed, until the body sends its signals.","Hver bedrift har sin egen dynamikk. Hvert team møter ulike fysiske og mentale utfordringer gjennom arbeidsdagen. Lange perioder foran datamaskinen, repetitive oppgaver, mange timer stående, press for resultater og en intens rutine kan generere slitasje og oppsamlet spenning som går ubemerket hen, helt til kroppen gir sine signaler."
corporate.body.p3,"Por isso, o Biostretch é sempre adaptado às características e necessidades de cada organização. As práticas são construídas para oferecer uma experiência inclusiva e significativa, respeitando diferentes idades, perfis e níveis de condicionamento físico. Não é ginástica laboral. É consciência em movimento.","That is why Biostretch is always adapted to the characteristics and needs of each organization. The practices are built to offer an inclusive and meaningful experience, respecting different ages, profiles, and fitness levels. It is not workplace gymnastics. It is consciousness in movement.","Derfor tilpasses Biostretch alltid til egenskapene og behovene til hver organisasjon. Praksisene er bygget for å tilby en inkluderende og meningsfull opplevelse, som respekterer ulike aldre, profiler og kondisjonsnivåer. Det er ikke arbeidsplassgymnastikk. Det er bevissthet i bevegelse."
corporate.body.pullQuote,"Uma experiência pensada para cada ambiente.","An experience designed for each environment.","En opplevelse designet for hvert miljø."
corporate.closing,"Empresas são feitas de pessoas. Quando existe espaço para o cuidado, para a pausa e para o equilíbrio, criam-se melhores condições para relações mais saudáveis, equipes mais presentes e um ambiente de trabalho verdadeiramente sustentável.","Companies are made of people. When there is space for care, for pause, and for balance, better conditions are created for healthier relationships, more present teams, and a truly sustainable work environment.","Bedrifter er laget av mennesker. Når det finnes rom for omsorg, for pause og for balanse, skapes bedre betingelser for sunnere relasjoner, mer tilstedeværende team og et virkelig bærekraftig arbeidsmiljø."
corporate.cta.button,"Fale Conosco","Contact Us","Kontakt Oss"
corporate.cta.text,"Entre em contato para conhecer as possibilidades de workshops e experiências de Biostretch desenvolvidas para o seu ambiente corporativo.","Get in touch to learn about the possibilities of Biostretch workshops and experiences designed for your corporate environment.","Ta kontakt for å lære om mulighetene for Biostretch-workshops og opplevelser utviklet for ditt bedriftsmiljø."
corporate.cta.title,"Vamos criar uma experiência para a sua equipe?","Shall we create an experience for your team?","Skal vi skape en opplevelse for teamet ditt?"
corporate.hook,"O Biostretch leva para dentro das empresas experiências de movimento e consciência corporal que criam momentos de pausa, reconexão e cuidado, integrando bem-estar à rotina de trabalho de maneira simples, acessível e profunda.","Biostretch brings movement and body awareness experiences into companies, creating moments of pause, reconnection, and care, integrating well-being into the work routine in a simple, accessible, and profound way.","Biostretch bringer opplevelser av bevegelse og kroppsbevissthet inn i bedrifter, og skaper øyeblikk av pause, gjenforening og omsorg, som integrerer velvære i arbeidsrutinen på en enkel, tilgjengelig og dyp måte."
corporate.kicker,"BIOSTRETCH PARA EMPRESAS","BIOSTRETCH FOR COMPANIES","BIOSTRETCH FOR BEDRIFTER"
corporate.subtitle,"Quando existe espaço para a pausa e para o cuidado, o trabalho ganha outra qualidade.","When there is space for pause and care, work gains a different quality.","Når det finnes rom for pause og omsorg, får arbeidet en annen kvalitet."
corporate.title,"Uma pausa para prevenção","A pause for prevention","En pause for forebygging"
corporate.workshops_section.kicker,"WORKSHOPS E EXPERIÊNCIAS","WORKSHOPS AND EXPERIENCES","WORKSHOPS OG OPPLEVELSER"
corporate.workshops_section.p1,"Os workshops de Biostretch são desenhados para proporcionar experiências que vão além de uma simples pausa na rotina. São momentos de reconexão com o corpo, com a respiração e com o presente.","Biostretch workshops are designed to provide experiences that go beyond a simple break in the routine. They are moments of reconnection with the body, with the breath, and with the present.","Biostretch-workshoper er designet for å gi opplevelser som går utover en enkel pause i rutinen. De er øyeblikk av gjenforening med kroppen, med pusten og med nåtiden."
corporate.workshops_section.p2,"Cada encontro cria um espaço para desacelerar, movimentar-se com mais consciência e renovar a energia para seguir o dia com mais presença e equilíbrio.","Each session creates a space to slow down, move with more awareness, and renew energy to continue the day with more presence and balance.","Hvert møte skaper et rom for å senke farten, bevege seg med mer bevissthet og fornye energien for å fortsette dagen med mer tilstedeværelse og balanse."
corporate.workshops_section.p3,"As experiências podem ser realizadas como parte de programas de qualidade de vida, semanas internas, eventos corporativos, encontros de equipes e outras iniciativas voltadas ao bem-estar.","Experiences can be delivered as part of quality of life programs, internal weeks, corporate events, team gatherings, and other well-being initiatives.","Opplevelsene kan leveres som del av livskvalitetsprogrammer, interne uker, bedriftsarrangementer, teammøter og andre velværeinitiativer."
cv.paragraphs,"[""A dança entrou na minha vida por orientação médica. Aos sete anos, o ballet clássico surgiu para corrigir a postura dos pés. A obrigação inicial transformou-se em fascínio. A disciplina das barras e o entusiasmo do mestre João Luiz Rolla definiram o início de uma trajetória guiada pelo movimento."",""O rigor técnico me levou cedo para além do Brasil. Em 1988, recebi uma bolsa na Escola Estatal de Ballet Clássico de Kiev, mergulhando por dois anos no método Vaganova na antiga União Soviética. Em Cuba, atuei no Ballet de Camaguey e no Ballet Nacional, onde a precisão técnica convivia com a intensidade de artistas de diferentes linguagens."",""A necessidade de transcender as formas codificadas do ballet me aproximou da dança contemporânea na Companhia Terpsí. Mais tarde, uma bolsa em Nova York abriu caminho para estudar a técnica Release na Trisha Brown Company e na Movement Research. Foi o primeiro contato com a Educação Somática, descobrindo que o movimento podia nascer do alinhamento ósseo e da escuta, poupando esforço desnecessário."",""Essa investigação expandiu-se em diversas direções. Atuei nos bastidores como assistente de coreografia no Teatro Castro Alves, na Bahia. Formei-me em Letras pela UFRGS, aprofundando o diálogo com a literatura. Tornei-me instrutora de Gyrotonic e educadora pelo Teatro Escola Brincante. Trabalhei em diferentes projetos sociais. Em 2007, cofundei a Porto Alegre Cia de Dança, assumindo a direção artística."",""A partir de 2011, a prática diária da meditação redefiniu a minha relação com o corpo. O foco deslocou-se da forma externa para a qualidade da presença. A respiração consciente e o silêncio tornaram-se matérias do próprio gesto. Dessa convergência entre dança, educação somática e meditação nasceram os métodos Biostretch e Be The Dance."",""Atualmente na Noruega, busco atuar como uma ponte artística com o Brasil. Dessa travessia nasce Dance<span class=\""text-accent text-[1.28em] font-normal\"">2</span>Dance, projeto central que sintetiza décadas de pesquisa corporal, experiência pedagógica e investigação sobre a relação entre técnica, presença e expressão. Sediada na Noruega, a iniciativa é um espaço de encontro e transformação, voltada tanto para bailarinos e artistas quanto para pessoas que desejam aprofundar a relação com o próprio corpo.""]","[""Dance entered my life through medical advice. At seven, classical ballet was recommended to align my foot posture. The initial obligation became a fascination. The discipline of the barres and the enthusiasm of master João Luiz Rolla marked the beginning of a journey guided by movement."",""Technical rigor took me abroad early on. In 1988, I was awarded a scholarship to the Kiev State Classical Ballet School, immersing myself for two years in the Vaganova method in the former Soviet Union. In Cuba, I performed with the Ballet de Camaguey and the National Ballet, where technical precision lived alongside artists from diverse disciplines."",""The urge to transcend the codified forms of ballet led me toward contemporary dance with Companhia Terpsí. Later, a grant in New York opened the door to study Release Technique at the Trisha Brown Company and Movement Research. It was my first encounter with Somatic Education, realizing that movement could emerge from skeletal alignment and listening, sparing unnecessary effort."",""This exploration broadened across several fields. I worked backstage as an assistant choreographer at Teatro Castro Alves in Bahia. I earned a degree in Literature from UFRGS, deepening my connection with language. I became a certified Gyrotonic trainer and an educator through Teatro Escola Brincante. I worked on various social projects. In 2007, I co-founded Porto Alegre Cia de Dança, taking on its artistic direction."",""Beginning in 2011, daily meditation practice redefined my relationship with the body. The focus shifted from external form to the quality of presence. Conscious breathing and silence became components of movement itself. From this convergence of dance, somatic education, and meditation, Biostretch and Be The Dance emerged."",""Currently living in Norway, I act as an artistic bridge with Brazil. From this crossing, Dance<span class=\""text-accent text-[1.28em] font-normal\"">2</span>Dance was born, a central project that synthesizes decades of bodily research, pedagogical experience, and investigation into the relationship between technique, presence, and expression. Based in Norway, the initiative is a space for meeting and transformation, dedicated both to dancers and artists as well as anyone seeking to deepen their relationship with their own body.""]","[""Dans kom inn i livet mitt etter råd fra lege. Som syvåring ble klassisk ballett anbefalt for å rette opp fotstillingen min. Den opprinnelige plikten ble raskt til en fascinasjon. Disiplinen ved barren og entusiasmen til læremester João Luiz Rolla markerte begynnelsen på en reise ledet av bevegelse."",""Teknisk disiplin førte meg tidlig ut i verden. I 1988 mottok jeg et stipend til statens ballettskole i Kiev, og fordypet meg i to år i Vaganova-metoden i det tidligere Sovjetunionen. På Cuba danset jeg med Ballet de Camaguey og Nasjonalballetten, der teknisk presisjon levde side om side med kunstnere fra ulike disipliner."",""Behovet for å gå utover ballettens kodifiserte former førte meg til samtidsdans i Companhia Terpsí. Senere åpnet et stipend i New York døren til å studere Release-teknikk ved Trisha Brown Company og Movement Research. Det ble mitt første møte med somatisk utdanning, der jeg oppdaget at bevegelse kan springe ut fra skjelettets linjer og oppmerksom lytting, uten unødig anstrengelse."",""Denne utforskningen utvidet seg på flere felt. Jeg arbeidet bak scenen som assistentkoreograf ved Teatro Castro Alves i Bahia. Jeg tok en grad i litteratur ved UFRGS og fordypet dialogen med språket. Jeg ble sertifisert Gyrotonic-instruktør og pedagog ved Teatro Escola Brincante. Jeg arbeidet med ulike sosiale prosjekter. I 2007 var jeg med på å grunnlegge Porto Alegre Cia de Dança, og overtok den kunstneriske ledelsen."",""Fra 2011 omdefinerte daglig meditasjonspraksis mitt forhold til kroppen. Fokuset flyttet seg fra den ytre formen til kvaliteten på tilstedeværelsen. Bevisst pust og stillhet ble bestanddeler i selve bevegelsen. Ut fra dette møtet mellom dans, somatisk utdanning og meditasjon ble metodene Biostretch og Be The Dance skapt."",""Nå med base i Norge jobber jeg som en kunstnerisk bro til Brasil. Fra denne kryssingen oppsto Dance<span class=\""text-accent text-[1.28em] font-normal\"">2</span>Dance, et sentralt prosjekt som samler tiår med kroppsforskning, pedagogisk erfaring og undersøkelser av forholdet mellom teknikk, tilstedeværelse og uttrykk. Med base i Norge er initiativet en møteplass og en arena for transformasjon, rettet både mot dansere og kunstnere, så vel som alle som ønsker å fordype forholdet til sin egen kropp.""]"
cv.subtitle,"Diretora Artística & Criadora","Artistic Director & Creator","Kunstnerisk leder og skaper"
cv.title,"Safia","Safia","Safia"
footer.desc,"Transformando vidas através do movimento e da dança. Um projeto focado em expressão e bem-estar social.","Transforming lives through movement and dance. A project focused on expression and social well-being.","Transformerer liv gjennom bevegelse og dans. Et prosjekt med fokus på uttrykk og sosialt velvære."
footer.links.contact,"Contato","Contact","Kontakt"
footer.links.impact,"Impacto Social","Social Impact","Sosial Påvirkning"
footer.links.privacy,"Privacidade","Privacy","Personvern"
footer.links.terms,"Termos","Terms","Vilkår"
footer.rights,"Todos os direitos reservados.","All rights reserved.","Alle rettigheter reservert."
hero.cta,"Explorar Workshops","Explore Workshops","Utforsk Workshops"
hero.desc,"A dança e o movimento como ferramentas de expressão e bem-estar. A arte como caminho para a transformação social.","Dance and movement as tools for expression and well-being. Art as a path to social transformation.","Dans og bevegelse som verktøy for uttrykk og velvære. Kunst som en vei til sosial transformasjon."
hero.seq1.p1,"Há lugares que não existem no mapa.","There are places that do not exist on the map.","Det er steder som ikke finnes på kartet."
hero.seq1.p2,"Só no corpo.","Only in the body.","Bare i kroppen."
hero.seq2.p1,"é uma organização social que nasceu para construir esses lugares. Espaços onde a dança não é somente performance, mas sobretudo presença. Onde o movimento é mais que exercício ou alongamento, é escuta e expressão. Onde a arte não é um fim, mas o início de um encontro.","is a social organization born to build these places. Spaces where dance is not only performance, but above all is presence. Where movement is more than exercise or stretching, it is listening and expression. Where art is not an end, but the beginning of an encounter.","er en sosial organisasjon som ble født for å bygge disse stedene. Rom hvor dans ikke bare er opptreden, men fremfor alt er tilstedeværelse. Hvor bevegelse er mer enn trening eller tøying, det er lytting og uttrykk. Hvor kunst ikke er et mål, men begynnelsen på et møte."
hero.seq2.p2,"O encontro consigo mesmo e o encontro que acontece quando pessoas respiram e se movem no mesmo ritmo.","The encounter with oneself and the encounter that happens when people breathe and move at the same rhythm.","Møtet med seg selv og møtet som skjer når folk puster og beveger seg i samme rytme."
hero.seq2.p3,"A mudança começa na pele, quando uma pessoa redescobre sua própria força, sua criatividade, sua própria voz. E, quando isso acontece em grupo, abre-se um caminho para a","Change begins in the skin, when a person rediscovers their own strength, their creativity, their own voice. And when this happens in a group, a path opens up for","Endring begynner i huden, når en person gjenoppdager sin egen styrke, sin kreativitet, sin egen stemme. Og når dette skjer i en gruppe, åpnes en vei for"
hero.seq2.p4,"transformação social","social transformation","sosial transformasjon"
hero.seq2.p6,"cria as condições para que as pessoas se encontrem.","creates the conditions for people to meet.","skaper vilkårene for at folk kan møtes."
hero.seq3.p1,"A dança e o movimento","Dance and movement do","Dans og bevegelse gjør"
hero.seq3.p2,"fazem o resto.","the rest.","resten."
hero.subtitle1,"O movimento encontra a","Movement meets","Bevegelse møter"
hero.subtitle2,"Transformação.","Transformation.","Transformasjon."
individual.body.p1,"Enquanto os workshops proporcionam uma experiência coletiva de exploração e consciência através do movimento, a sessão individual permite um olhar mais atento e direcionado para aquilo que é particularmente relevante para você.","While workshops provide a collective experience of exploration and awareness through movement, the individual session allows a more attentive and targeted approach to what is particularly relevant to you.","Mens workshopene gir en kollektiv opplevelse av utforskning og bevissthet gjennom bevegelse, gir den individuelle timen et mer oppmerksomt og rettet blikk mot det som er spesielt relevant for deg."
individual.body.p2,"Em um ambiente seguro e acolhedor, os movimentos são orientados por sugestões verbais e toques suaves, convidando você a perceber o corpo e as sensações que surgem durante o movimento. As sequências são realizadas de forma lenta e suave, favorecendo o relaxamento e uma percepção mais refinada de como o corpo se movimenta e se organiza.","In a safe and welcoming environment, movements are guided by verbal suggestions and gentle touches, inviting you to perceive the body and the sensations that arise during movement. The sequences are performed slowly and gently, promoting relaxation and a more refined perception of how the body moves and organizes itself.","I et trygt og velkommende miljø blir bevegelsene veiledet gjennom verbale forslag og milde berøringer, som inviterer deg til å kjenne kroppen og fornemmelsene som oppstår under bevegelsen. Sekvensene utføres sakte og mykt, noe som fremmer avslapning og en mer forfinet oppfatning av hvordan kroppen beveger seg og organiserer seg."
individual.body.p3,"A partir dessa atenção, podem surgir novas percepções sobre hábitos e padrões corporais, abrindo novas possibilidades para se mover com mais conforto e eficiência.","From this attention, new perceptions about habits and body patterns can emerge, opening new possibilities for moving with more comfort and efficiency.","Fra denne oppmerksomheten kan nye oppfatninger om vaner og kroppsmønstre oppstå, som åpner nye muligheter for å bevege seg med mer komfort og effektivitet."
individual.body.pullQuote,"Um espaço para perceber e explorar.","A space to perceive and explore.","Et rom for å oppdage og utforske."
individual.closing,"Dê ao seu corpo tempo e atenção para descobrir novas possibilidades de movimento.","Give your body time and attention to discover new possibilities of movement.","Gi kroppen din tid og oppmerksomhet til å oppdage nye bevegelsesmuligheter."
individual.cta.button,"Agendar Sessão","Schedule Session","Bestill time"
individual.cta.text,"Entre em contato para agendar sua sessão individual de Biostretch.","Get in touch to schedule your individual Biostretch session.","Ta kontakt for å bestille din individuelle Biostretch-time."
individual.cta.title,"Agende sua sessão individual","Schedule your individual session","Bestill din individuelle time"
individual.deepening.kicker,"PARA QUEM QUER APROFUNDAR","FOR THOSE WHO WANT TO GO DEEPER","FOR DE SOM VIL GÅ DYPERE"
individual.deepening.p1,"Se você participou de um workshop e deseja explorar mais profundamente algum aspecto do trabalho, ou se busca uma abordagem mais focada em uma necessidade específica, a sessão individual pode ser uma excelente escolha.","If you have participated in a workshop and wish to explore some aspect of the work more deeply, or if you are looking for a more focused approach to a specific need, the individual session can be an excellent choice.","Hvis du har deltatt på en workshop og ønsker å utforske noen aspekter av arbeidet dypere, eller om du søker en mer fokusert tilnærming til et spesifikt behov, kan den individuelle timen være et utmerket valg."
individual.deepening.p2,"Dê ao seu corpo tempo e atenção para descobrir novas possibilidades de movimento.","Give your body time and attention to discover new possibilities of movement.","Gi kroppen din tid og oppmerksomhet til å oppdage nye bevegelsesmuligheter."
individual.focused.kicker,"DIRECIONADO AO QUE VOCÊ PRECISA","DIRECTED TO WHAT YOU NEED","RETTET MOT DET DU TRENGER"
individual.focused.p1,"A sessão individual permite aprofundar aspectos específicos, como tensões, postura, mobilidade, flexibilidade, equilíbrio, coordenação ou padrões de movimento. Cada sessão é adaptada às características e necessidades de cada pessoa, respeitando seu ritmo e seu momento.","The individual session allows you to deepen specific aspects, such as tension, posture, mobility, flexibility, balance, coordination or movement patterns. Each session is adapted to the characteristics and needs of each person, respecting their rhythm and their moment.","Den individuelle timen lar deg fordype spesifikke aspekter, som spenninger, holdning, mobilitet, fleksibilitet, balanse, koordinasjon eller bevegelsesmønstre. Hver time er tilpasset den enkeltes egenskaper og behov, med respekt for deres rytme og øyeblikk."
individual.focused.p2,"Mais do que simplesmente alongar ou movimentar o corpo, o Biostretch propõe uma investigação através do movimento, desenvolvendo uma consciência que pode ser levada para as atividades do dia a dia.","More than simply stretching or moving the body, Biostretch proposes an investigation through movement, developing an awareness that can be carried into daily activities.","Mer enn bare å tøye eller bevege kroppen, foreslår Biostretch en undersøkelse gjennom bevegelse, som utvikler en bevissthet som kan tas med inn i daglige aktiviteter."
individual.focused.pullQuote,"Uma investigação através do movimento.","An investigation through movement.","En undersøkelse gjennom bevegelse."
individual.hook,"As sessões individuais de Biostretch são uma opção para quem deseja aprofundar o trabalho corporal de forma personalizada, dedicando mais atenção a necessidades, percepções e padrões de movimento específicos.","Biostretch individual sessions are an option for those who wish to deepen their body work in a personalized way, dedicating more attention to specific needs, perceptions and movement patterns.","Individuelle Biostretch-timer er et alternativ for deg som ønsker å fordype kroppsarbeidet på en personlig måte, med mer oppmerksomhet til spesifikke behov, oppfatninger og bevegelsesmønstre."
individual.kicker,"SESSÕES INDIVIDUAIS","INDIVIDUAL SESSIONS","INDIVIDUELLE TIMER"
individual.subtitle,"Um trabalho personalizado, voltado para as suas necessidades.","A personalized approach, tailored to your needs.","Et personlig tilpasset arbeid, rettet mot dine behov."
individual.title,"Sessões Individuais de Biostretch","Biostretch Individual Sessions","Individuelle Biostretch-timer"
labels.all,"Todos","All","Alle"
labels.calendar,"Calendário","Calendar","Kalender"
labels.full_agenda,"Agenda Completa","Full Agenda","Full Agenda"
labels.program,"Programa","Program","Program"
labels.workshop,"Workshop","Workshop","Workshop"
labels.workshops,"Workshops","Workshops","Workshops"
legal.privacy.lastUpdated,"Última atualização: Setembro de 2026","Last updated: September 2026","Sist oppdatert: September 2026"
legal.privacy.sections,"[{""title"":""1. Introdução"",""content"":""<p>Bem-vindo ao site da <strong>Dance2Dance</strong> (incluindo as vertentes Biostretch e Be The Dance). Nosso compromisso é com a integridade e a segurança dos dados pessoais dos nossos usuários e alunos. Esta Política de Privacidade aplica-se a todas as interações digitais realizadas em nosso site, serviços associados e plataformas sob nosso controle.</p><p>Ao acessar e utilizar nossas plataformas, você reconhece e concorda com as práticas descritas nesta política. Nós tratamos a proteção de seus dados pessoais com a máxima seriedade e nos comprometemos a processá-los de forma responsável, transparente e segura, em conformidade com as legislações vigentes (como LGPD e GDPR).</p>""},{""title"":""2. Definições"",""content"":""<p><strong>Dados Pessoais:</strong> São informações que identificam ou podem identificar uma pessoa natural.</p><p><strong>Dados Pessoais Sensíveis:</strong> São informações que revelam características pessoais íntimas. Por precaução, solicitamos apenas informações essenciais para a prática de nossas atividades e adaptação ao seu corpo.</p><p><strong>Tratamento de Dados Pessoais:</strong> Abrange qualquer operação com Dados Pessoais, como coleta, registro, armazenamento, uso ou exclusão.</p>""},{""title"":""3. Dados Coletados"",""content"":""<p>Nós coletamos e processamos os seguintes tipos de dados pessoais:</p><ul class='list-disc pl-5 space-y-2 mt-2'><li><strong>Informações Fornecidas por Você:</strong> Nome, sobrenome, endereço de e-mail, informações fornecidas durante o cadastro em workshops, formulários de anamnese ou contato.</li><li><strong>Informações Coletadas Automaticamente:</strong> Quando você visita nosso site, coletamos informações anonimizadas sobre seu dispositivo, localização genérica, páginas visitadas e interação, para fins estatísticos e de funcionamento da plataforma.</li></ul>""},{""title"":""4. Uso de Cookies"",""content"":""<p>Utilizamos cookies (pequenos arquivos de texto armazenados no seu dispositivo) para melhorar a experiência do usuário, entender como nossos serviços são utilizados e garantir o correto funcionamento do site.</p><p>Você pode configurar seu navegador para recusar cookies, mas isso pode afetar a disponibilidade de certas funcionalidades do site.</p>""},{""title"":""5. Finalidades do Processamento"",""content"":""<p>Os dados coletados são utilizados para:</p><ul class='list-disc pl-5 space-y-2 mt-2'><li>Proporcionar, operar e melhorar nossos serviços, aulas e workshops;</li><li>Personalizar sua experiência e adaptar as práticas físicas (quando aplicável);</li><li>Comunicar informações importantes sobre a organização das turmas e eventos;</li><li>Cumprir obrigações legais aplicáveis.</li></ul>""},{""title"":""6. Compartilhamento de Dados"",""content"":""<p>Seus dados são confidenciais. Eles só serão compartilhados com prestadores de serviço estritamente necessários para a operação do site e gestão de turmas, exigindo deles as mesmas garantias de proteção de dados. Não vendemos suas informações para terceiros.</p>""},{""title"":""7. Seus Direitos"",""content"":""<p>Você possui diversos direitos em relação aos seus dados, incluindo: direito de acesso, retificação, exclusão de dados sob nossa posse, e direito de retirar o consentimento. Para exercer esses direitos, entre em contato conosco.</p>""},{""title"":""8. Prevenção de Spam e Serviços de Terceiros"",""content"":""<p>Para proteger nossos formulários e evitar mensagens de spam geradas por robôs, utilizamos o serviço Cloudflare Turnstile. Ao navegar e utilizar nosso site, você reconhece e concorda que a operação deste serviço de proteção invisível está sujeita ao <a href='https://www.cloudflare.com/en-gb/turnstile-privacy-policy/' target='_blank' rel='noopener noreferrer' class='text-[#CC5833] hover:underline'>Adendo de Privacidade do Cloudflare Turnstile</a>.</p>""}]","[{""title"":""1. Introduction"",""content"":""<p>Welcome to the <strong>Dance2Dance</strong> website (including Biostretch and Be The Dance). We are committed to the integrity and security of the personal data of our users and students. This Privacy Policy applies to all digital interactions on our website, associated services, and platforms under our control.</p><p>By accessing our platforms, you acknowledge and agree to the practices described herein. We process your data responsibly, transparently, and securely, in accordance with applicable laws (such as GDPR and LGPD).</p>""},{""title"":""2. Definitions"",""content"":""<p><strong>Personal Data:</strong> Information that identifies or can identify a natural person.</p><p><strong>Sensitive Personal Data:</strong> Information revealing intimate personal characteristics. We only request essential information required for our activities.</p><p><strong>Data Processing:</strong> Any operation involving Personal Data, such as collection, storage, use, or deletion.</p>""},{""title"":""3. Collected Data"",""content"":""<p>We collect and process:</p><ul class='list-disc pl-5 space-y-2 mt-2'><li><strong>Information Provided by You:</strong> Name, surname, email address, info provided during workshop registration or contact forms.</li><li><strong>Automatically Collected Information:</strong> Anonymized data about your device, location, and interaction for statistical and functional purposes.</li></ul>""},{""title"":""4. Use of Cookies"",""content"":""<p>We use cookies to improve user experience, understand usage patterns, and ensure site functionality. You can configure your browser to refuse cookies, though some site features may be affected.</p>""},{""title"":""5. Processing Purposes"",""content"":""<p>The data is used to:</p><ul class='list-disc pl-5 space-y-2 mt-2'><li>Provide and improve our services, classes, and workshops;</li><li>Personalize your experience;</li><li>Communicate important information about classes and events;</li><li>Comply with legal obligations.</li></ul>""},{""title"":""6. Data Sharing"",""content"":""<p>Your data is confidential. We only share it with strictly necessary service providers for site operation and class management, requiring the same data protection guarantees. We do not sell your information.</p>""},{""title"":""7. Your Rights"",""content"":""<p>You have rights regarding your data, including the right to access, rectify, delete, and withdraw consent. To exercise these rights, please contact us.</p>""},{""title"":""8. Spam Prevention and Third-Party Services"",""content"":""<p>To protect our forms and prevent spam messages generated by bots, we use the Cloudflare Turnstile service. By browsing and using our website, you acknowledge and agree that the operation of this invisible protection service is subject to the <a href='https://www.cloudflare.com/en-gb/turnstile-privacy-policy/' target='_blank' rel='noopener noreferrer' class='text-[#CC5833] hover:underline'>Cloudflare Turnstile Privacy Addendum</a>.</p>""}]","[{""title"":""1. Introduksjon"",""content"":""<p>Velkommen til <strong>Dance2Dance</strong> (inkludert Biostretch og Be The Dance). Vi er forpliktet til integriteten og sikkerheten til personopplysningene til våre brukere og studenter. Denne personvernerklæringen gjelder for all digital interaksjon på vår nettside og tilknyttede plattformer.</p><p>Ved å bruke plattformene våre anerkjenner og godtar du praksisene beskrevet her. Vi behandler dataene dine ansvarlig og i samsvar med gjeldende lover (som GDPR).</p>""},{""title"":""2. Definisjoner"",""content"":""<p><strong>Personopplysninger:</strong> Informasjon som identifiserer eller kan identifisere en fysisk person.</p><p><strong>Sensitive Personopplysninger:</strong> Informasjon som avslører intime personlige egenskaper. Vi ber kun om essensiell informasjon.</p><p><strong>Databehandling:</strong> Enhver operasjon som involverer personopplysninger, som innsamling, lagring eller sletting.</p>""},{""title"":""3. Innsamlede Data"",""content"":""<p>Vi samler inn og behandler:</p><ul class='list-disc pl-5 space-y-2 mt-2'><li><strong>Informasjon fra deg:</strong> Navn, e-post, og info gitt ved registrering til workshops.</li><li><strong>Automatisk innsamlet informasjon:</strong> Anonymiserte data om enhet og interaksjon for statistiske formål.</li></ul>""},{""title"":""4. Bruk av Informasjonskapsler (Cookies)"",""content"":""<p>Vi bruker informasjonskapsler for å forbedre brukeropplevelsen og sikre nettstedets funksjonalitet. Du kan konfigurere nettleseren din til å avvise informasjonskapsler.</p>""},{""title"":""5. Formål med Behandlingen"",""content"":""<p>Dataene brukes til å:</p><ul class='list-disc pl-5 space-y-2 mt-2'><li>Tilby og forbedre våre tjenester;</li><li>Tilpasse opplevelsen din;</li><li>Kommunisere viktig informasjon om klasser;</li><li>Overholde juridiske forpliktelser.</li></ul>""},{""title"":""6. Datadeling"",""content"":""<p>Dine data er konfidensielle. Vi deler dem kun med strengt nødvendige tjenesteleverandører. Vi selger ikke informasjonen din.</p>""},{""title"":""7. Dine Rettigheter"",""content"":""<p>Du har rett til innsyn, retting, sletting, og til å trekke tilbake samtykke. Kontakt oss for å utøve disse rettighetene.</p>""},{""title"":""8. Spamforebygging og tredjepartstjenester"",""content"":""<p>For å beskytte skjemaene våre og forhindre spam-meldinger generert av roboter, bruker vi Cloudflare Turnstile-tjenesten. Ved å surfe og bruke nettstedet vårt, anerkjenner og godtar du at driften av denne usynlige beskyttelsestjenesten er underlagt <a href='https://www.cloudflare.com/en-gb/turnstile-privacy-policy/' target='_blank' rel='noopener noreferrer' class='text-[#CC5833] hover:underline'>Cloudflare Turnstile Privacy Addendum</a>.</p>""}]"
legal.privacy.title,"Política de Privacidade","Privacy Policy","Personvernerklæring"
legal.terms.lastUpdated,"Última atualização: Setembro de 2026","Last updated: September 2026","Sist oppdatert: September 2026"
legal.terms.sections,"[{""title"":""1. Aceitação dos Termos"",""content"":""<p>Seja bem-vindo ao site da <strong>Dance2Dance</strong>. Ao navegar e usar nosso site e serviços, você concorda automaticamente em seguir as regras e condições estabelecidas aqui. Caso não concorde com algum ponto, por favor, considere não usar nossos serviços. É muito importante para nós que você se sinta seguro e informado a todo momento.</p>""},{""title"":""2. Natureza da Prática e Isenção"",""content"":""<p>As metodologias ensinadas (Biostretch e Be The Dance) consistem em práticas focadas no movimento, respiração e consciência corporal. <strong>Elas não substituem orientações, diagnósticos ou tratamentos médicos, fisioterapêuticos ou psicológicos.</strong> Ao participar, você assume a responsabilidade de respeitar os limites do seu próprio corpo e buscar liberação médica caso possua condições preexistentes.</p>""},{""title"":""3. Inscrições e Cancelamentos"",""content"":""<p>Para participação em workshops e aulas regulares, as inscrições são confirmadas após o pagamento. Caso haja a necessidade de cancelamento por parte do aluno, aplicam-se regras específicas de antecedência informadas no momento da reserva, visando organizar o número limitado de vagas. Cancelamentos de última hora podem não ser passíveis de reembolso.</p>""},{""title"":""4. Direitos de Conteúdo e Propriedade Intelectual"",""content"":""<p>O conteúdo disponível, incluindo textos, metodologias (como os blocos do Biostretch), imagens, ilustrações, fotografias e áudios constituem propriedade intelectual protegida. O acesso às nossas aulas e plataformas concede a você o direito de vivenciar a prática para fins estritamente pessoais.</p><p>É <strong>expressamente proibida</strong> a gravação, reprodução, distribuição ou ensino da metodologia sem a devida formação certificada ou autorização escrita.</p>""},{""title"":""5. Privacidade e Segurança"",""content"":""<p>Ao interagir com nosso site, você aceita nossa Política de Privacidade, que detalha nossa abordagem responsável para o manejo de dados e conformidade com as leis. Adotamos práticas rígidas para garantir a confidencialidade das informações compartilhadas conosco.</p>""},{""title"":""6. Modificações dos Termos"",""content"":""<p>A evolução é parte de como operamos, o que significa que estes Termos podem passar por atualizações para refletir melhor as mudanças em nossos serviços. Sempre que isso acontecer, a versão mais recente estará disponível nesta página.</p>""}]","[{""title"":""1. Acceptance of Terms"",""content"":""<p>Welcome to <strong>Dance2Dance</strong>. By browsing and using our site and services, you automatically agree to follow the rules and conditions established here. If you do not agree with any point, please do not use our services.</p>""},{""title"":""2. Nature of Practice and Disclaimer"",""content"":""<p>The methodologies taught (Biostretch and Be The Dance) are practices focused on movement, breathing, and body awareness. <strong>They do not replace medical, physiotherapeutic, or psychological diagnoses or treatments.</strong> You assume the responsibility to respect your body's limits and seek medical clearance if you have pre-existing conditions.</p>""},{""title"":""3. Registration and Cancellations"",""content"":""<p>Registrations for workshops and classes are confirmed upon payment. Specific cancellation rules apply depending on the event to organize limited spots. Last-minute cancellations may not be eligible for refunds.</p>""},{""title"":""4. Intellectual Property"",""content"":""<p>The available content, including texts, methodologies, images, and audio, is protected intellectual property. Access to our classes grants you the right to experience the practice for personal purposes only.</p><p>Recording, reproduction, distribution, or teaching of the methodology without certification or written authorization is <strong>strictly prohibited</strong>.</p>""},{""title"":""5. Privacy and Security"",""content"":""<p>By interacting with our site, you accept our Privacy Policy, which details our responsible approach to data handling. We adopt strict practices to ensure confidentiality.</p>""},{""title"":""6. Modifications to Terms"",""content"":""<p>These Terms may be updated to reflect changes in our services. The latest version will always be available on this page.</p>""}]","[{""title"":""1. Aksept av Vilkår"",""content"":""<p>Velkommen til <strong>Dance2Dance</strong>. Ved å bruke nettstedet og tjenestene våre godtar du automatisk disse reglene. Hvis du ikke er enig, vennligst ikke bruk tjenestene våre.</p>""},{""title"":""2. Praksisens Natur og Ansvarsfraskrivelse"",""content"":""<p>Metodikkene (Biostretch og Be The Dance) fokuserer på bevegelse og kroppsbevissthet. <strong>De erstatter ikke medisinsk eller psykologisk behandling.</strong> Du har ansvar for å respektere kroppens grenser.</p>""},{""title"":""3. Påmelding og Avbestilling"",""content"":""<p>Påmeldinger er bekreftet ved betaling. Spesifikke avbestillingsregler gjelder avhengig av arrangementet. Avbestillinger i siste liten refunderes kanskje ikke.</p>""},{""title"":""4. Åndsverk og Eiendomsrett"",""content"":""<p>Innholdet, inkludert metoder og tekster, er beskyttet åndsverk. Tilgang gir deg rett til å oppleve praksisen kun for personlige formål.</p><p>Kopiering eller undervisning av metodikken uten autorisasjon er <strong>strengt forbudt</strong>.</p>""},{""title"":""5. Personvern"",""content"":""<p>Ved å bruke nettstedet godtar du vår personvernerklæring, som detaljerer vår håndtering av data i samsvar med lover.</p>""},{""title"":""6. Endringer i Vilkår"",""content"":""<p>Disse vilkårene kan oppdateres for å gjenspeile endringer i våre tjenester. Den nyeste versjonen vil alltid være her.</p>""}]"
legal.terms.title,"Termos de Uso","Terms of Use","Brukervilkår"
nav.agenda,"Agenda","Schedule","Timeplan"
nav.contact,"Contato","Contact","Kontakt"
nav.editProfile,"Editar Cadastro","Edit Profile","Rediger Profil"
nav.hello,"Olá","Hello","Hei"
nav.login,"Entrar","Login","Logg inn"
nav.logout,"Sair","Logout","Logg ut"
nav.myProfile,"Meu Perfil","My Profile","Min Profil"
nav.signup,"Cadastre-se","Sign Up","Registrer deg"
nav.social,"Projeto Social","Social Project","Sosialt Prosjekt"
nav.subscribe,"Inscreva-se","Subscribe","Meld deg på"
nav.workshops,"Workshops","Workshops","Workshops"
phil.line1.p1,"Movemos o corpo para","We move the body to","Vi beveger kroppen for å"
phil.line1.p2,"aproximar pessoas","bring people together","bringe folk sammen"
phil.line2.p1,"Aproximamos pessoas para","We bring people together to","Vi bringer folk sammen for å"
phil.line2.p2,"transformar comunidades.","transform communities.","transformere samfunn."
programs.be-the-dance.corporate.description,"Detalhes sobre o Be the Dance in Company...","Detalhes sobre o Be the Dance in Company...","Detalhes sobre o Be the Dance in Company..."
programs.be-the-dance.corporate.title,"Formato para Empresas","Corporate Format","Bedriftsformat"
programs.be-the-dance.description,"Filosofia e conceito do Be the Dance...","Filosofia e conceito do Be the Dance...","Filosofia e conceito do Be the Dance..."
programs.be-the-dance.origin.cv_link_text,"Currículo da Criadora","Creator's CV","Skaperens CV"
programs.be-the-dance.origin.cv_url,"/safia","/safia","/safia"
programs.be-the-dance.origin.paragraphs,"[""A minha história com a dança começou cedo. Aos sete anos, entre barras, espelhos, posições precisas e uma disciplina quase rigorosa, entrei para uma escola de ballet. Era um universo de regras, movimentos codificados, repetição e exigência. O corpo precisava obedecer. A busca do movimento perfeito."",""[SILVER]E, ainda assim, eu me apaixonei."",""A dança me levou para longe. Como bailarina clássica, viajei por diferentes lugares do mundo em busca de aprimorar a técnica, beber de diferentes fontes e chegar cada vez mais perto daquela ideia de perfeição que o ballet nos ensina a perseguir."",""Mas, em algum momento, algo começou a mudar. O corpo estava cansado. E dentro de mim nascia uma vontade cada vez maior de expressar a dança de outras formas. Foi quando encontrei a dança moderna."",""Ali, outras portas se abriram. Descobri movimentos mais livres, naturais e orgânicos. Descobri que o corpo também podia criar, improvisar, investigar. Que uma emoção podia transformar um gesto. Que nem todo movimento precisava ser bonito, preciso, correto ou planejado. E comecei a perceber que talvez a dança pudesse ser muito mais do que técnica."",""Ao longo dessa trajetória, uma frase aparecia repetidamente: “Eu adoraria dançar… mas não quero ser bailarino.” Pessoas que não queriam subir ao palco ou fazer uma audição. Que não queriam passar anos dentro de uma escola de dança. Pessoas que simplesmente sentiam vontade de dançar, mas acreditavam que a dança pertencia a um lugar ao qual elas não tinham acesso."",""[SILVER]Aquilo ficou em mim."",""Anos mais tarde, quando já dirigia minha própria companhia de dança, criei, junto ao coreógrafo Mark Sieczkarek, um evento em um parque, aberto a todos. E então aconteceu algo muito simples e, ao mesmo tempo, transformador."",""[GOLD]Pessoas começaram a dançar."",""Pessoas que talvez nunca tivessem imaginado fazer isso em público estavam ali, movendo seus corpos, encontrando outras pessoas, rindo, brincando, experimentando. A dança saiu do palco. E encontrou a vida."",""Foi ali que compreendi, de uma maneira muito concreta, o quanto a dança pode aproximar pessoas, criar encontros e despertar alegria. Ela não precisava estar confinada a uma sala de aula, a uma companhia ou a um palco. A dança podia acontecer em qualquer lugar onde houvesse um corpo disposto a se mover."",""Então veio a pandemia. O mundo parou. As portas se fecharam. Ficamos isolados em nossas casas, separados uns dos outros e, de certa maneira, também de nossos próprios corpos."",""Foi nesse silêncio que começou a nascer Be The Dance. A inspiração veio de um documentário sobre Bruce Lee e de uma ideia que me atravessou: Be Water."",""[SILVER]Ser água. Mover-se. Adaptar-se. Fluir. Encontrar caminhos."",""E pensei: e se pudéssemos fazer o mesmo com a dança? Assim nasceu a ideia de uma série de workshops para pessoas que não são bailarinas. Não para ensinar passos. Não para preparar ninguém para um palco. Não para transformar alguém em profissional. Mas para dançar, brincar, explorar e descobrir."",""[GOLD]Descobrir o que nos move. Descobrir como nos movemos."",""Descobrir o que acontece quando deixamos de tentar controlar o corpo e começamos a escutá-lo. E, sobretudo, descobrir onde está a dança em cada um de nós."",""Porque penso que a dança não é privilégio de quem nasceu flexível, de quem começou aos quatro anos ou de quem aprendeu a contar oito tempos. A dança está nos nossos genes. Ela está no impulso de balançar quando ouvimos uma música. No corpo que se move quando estamos felizes. No gesto espontâneo. Na respiração. No ritmo. No desejo de celebrar, de seduzir, de brincar, de se libertar. Talvez todos nós tenhamos a dança dentro e falte apenas um estímulo para deixá-la aparecer."",""Naquele período, eu já praticava meditação havia alguns anos, e minha relação com a dança havia se transformado profundamente. A estética e a técnica continuavam tendo seu lugar, mas já não eram suficientes."",""[SILVER]Comecei a enxergar o corpo como uma passagem."",""Um lugar de escuta. Um território de descoberta. Um instrumento através do qual podemos atravessar nossas próprias fronteiras e encontrar uma forma de expressão que seja única, pessoal e genuína. Foi assim que Be The Dance começou a tomar forma."",""Mas logo percebi que essa investigação também poderia ser profundamente transformadora para bailarinos profissionais. Porque eu conheço esse caminho por dentro. Sei o quanto um bailarino pode dedicar anos e anos ao aprimoramento da técnica. A posição correta. O salto mais alto. A linha perfeita. O controle absoluto do corpo."",""Mas quem nos ensina a estar presentes? Quem nos ensina a encontrar o nosso próprio movimento dentro de uma coreografia? Quem fala sobre carisma, presença, autenticidade? Quem nos mostra caminhos para conhecer o corpo para além da sua aparência? Quem nos ajuda a descobrir quem somos quando dançamos?"",""Be The Dance nasce justamente desse lugar. Entre técnica e liberdade, corpo e emoção, movimento e presença. Entre aquilo que aprendemos e aquilo que já existe dentro de nós."",""É um convite para experimentar e deixar o corpo pensar, sentir e falar. Para o bailarino que deseja ir além da técnica. E para quem sempre acreditou que “não sabe dançar”."",""Porque talvez você não precise saber. Talvez você só precise começar. E então descobrir que a dança já estava aí. Esperando por você."",""[GOLD]Be The Dance. Não apenas dance.\nSeja a dança."",""[SIGNATURE]Safia""]","[""My history with dance started early. At seven years old, between barres, mirrors, precise positions, and rigorous discipline, I entered a ballet school. It was a universe of rules, codified movements, repetition, and demands. The body had to obey. The search for the perfect movement."",""[SILVER]And yet, I fell in love."",""Dance took me far. As a classical ballerina, I traveled to different parts of the world to refine my technique, drink from different sources, and get closer to that idea of perfection that ballet teaches us to pursue."",""But, at some point, something began to change. My body was tired. And inside me, a growing desire to express dance in other ways was born. That was when I found modern dance."",""There, other doors opened. I discovered freer, more natural, and organic movements. I discovered that the body could also create, improvise, investigate. That an emotion could transform a gesture. That not every movement needed to be beautiful, precise, correct, or planned. And I began to realize that perhaps dance could be much more than technique."",""Throughout this journey, one phrase kept coming up repeatedly: “I would love to dance… but I don't want to be a dancer.” People who didn't want to go on stage or audition. Who didn't want to spend years inside a dance school. People who simply felt the urge to dance, but believed dance belonged to a place they had no access to."",""[SILVER]That stayed with me."",""Years later, when I was already directing my own dance company, I created, along with choreographer Mark Sieczkarek, an event in a park, open to everyone. And then something very simple and, at the same time, transformative happened."",""[GOLD]People started to dance."",""People who might never have imagined doing so in public were there, moving their bodies, meeting others, laughing, playing, experimenting. Dance left the stage. And found life."",""It was there that I understood, in a very concrete way, how much dance can bring people together, create encounters, and awaken joy. It didn't need to be confined to a classroom, a company, or a stage. Dance could happen anywhere there was a body willing to move."",""Then the pandemic came. The world stopped. Doors closed. We were isolated in our homes, separated from each other, and, in a way, from our own bodies."",""It was in this silence that Be The Dance began to emerge. The inspiration came from a documentary about Bruce Lee and an idea that struck me: Be Water."",""[SILVER]To be water. To move. To adapt. To flow. To find paths."",""And I thought: what if we could do the same with dance? Thus the idea of a series of workshops for people who are not dancers was born. Not to teach steps. Not to prepare anyone for a stage. Not to turn anyone into a professional. But to dance, play, explore, and discover."",""[GOLD]To discover what moves us. To discover how we move."",""To discover what happens when we stop trying to control the body and start listening to it. And above all, to discover where the dance is in each of us."",""Because I believe dance is not a privilege of those born flexible, those who started at age four, or those who learned to count eight beats. Dance is in our genes. It is in the impulse to sway when we hear music. In the body that moves when we are happy. In the spontaneous gesture. In the breath. In the rhythm. In the desire to celebrate, seduce, play, and be free. Perhaps we all have the dance inside us and it just needs a stimulus to appear."",""By that time, I had been practicing meditation for a few years, and my relationship with dance had profoundly transformed. Aesthetics and technique still had their place, but they were no longer enough."",""[SILVER]I started to see the body as a passage."",""A place of listening. A territory of discovery. An instrument through which we can cross our own borders and find a form of expression that is unique, personal, and genuine. That is how Be The Dance began to take shape."",""But I soon realized that this investigation could also be profoundly transformative for professional dancers. Because I know this path from the inside. I know how much a dancer can dedicate years to perfecting technique. The correct position. The highest jump. The perfect line. Absolute control of the body."",""But who teaches us to be present? Who teaches us to find our own movement within a choreography? Who talks about charisma, presence, authenticity? Who shows us ways to know the body beyond its appearance? Who helps us discover who we are when we dance?"",""Be The Dance is born precisely from this place. Between technique and freedom, body and emotion, movement and presence. Between what we learn and what already exists inside us."",""It is an invitation to experiment and let the body think, feel, and speak. For the dancer who wishes to go beyond technique. And for those who always believed they “can't dance”."",""Because maybe you don't need to know. Maybe you just need to start. And then discover that the dance was already there. Waiting for you."",""[GOLD]Be The Dance. Don't just dance.\nBe the dance."",""[SIGNATURE]Safia""]","[""Min historie med dans startet tidlig. Syv år gammel, mellom barrer, speil, presise posisjoner og streng disiplin, begynte jeg på en ballettskole. Det var et univers av regler, kodifiserte bevegelser, repetisjon og krav. Kroppen måtte adlyde. Jakten på den perfekte bevegelsen."",""[SILVER]Og likevel forelsket jeg meg."",""Dansen tok meg langt. Som klassisk ballerina reiste jeg til forskjellige deler av verden for å forbedre teknikken min, hente inspirasjon fra ulike kilder og komme stadig nærmere den ideen om perfeksjon som balletten lærer oss å etterstrebe."",""Men på et tidspunkt begynte noe å forandre seg. Kroppen min var sliten. Og inni meg vokste det frem et ønske om å uttrykke dans på andre måter. Det var da jeg fant moderne dans."",""Der åpnet andre dører seg. Jeg oppdaget friere, mer naturlige og organiske bevegelser. Jeg oppdaget at kroppen også kunne skape, improvisere, utforske. At en følelse kunne forandre en bevegelse. At ikke enhver bevegelse trengte å være vakker, presis, korrekt eller planlagt. Og jeg begynte å innse at dans kanskje kunne være mye mer enn teknikk."",""Gjennom denne reisen var det én setning som stadig dukket opp: “Jeg vil gjerne danse… men jeg vil ikke bli danser.” Folk som ikke ønsket å stå på en scene eller gå på audition. Som ikke ønsket å tilbringe år på en danseskole. Folk som rett og slett hadde lyst til å danse, men trodde at dansen tilhørte et sted de ikke hadde tilgang til."",""[SILVER]Det ble værende hos meg."",""Flere år senere, da jeg allerede ledet mitt eget dansekompani, skapte jeg, sammen med koreografen Mark Sieczkarek, et arrangement i en park, åpent for alle. Og da skjedde det noe veldig enkelt og samtidig transformerende."",""[GOLD]Folk begynte å danse."",""Mennesker som kanskje aldri hadde forestilt seg å gjøre noe slikt offentlig, var der, beveget kroppene sine, møtte andre, lo, lekte, eksperimenterte. Dansen forlot scenen. Og fant livet."",""Det var da jeg forsto, på en veldig konkret måte, hvor mye dans kan bringe folk sammen, skape møter og vekke glede. Den trengte ikke å være innelukket i et klasserom, i et kompani eller på en scene. Dans kunne skje hvor som helst der det fantes en kropp som var villig til å bevege seg."",""Så kom pandemien. Verden stoppet opp. Dørene lukket seg. Vi ble isolert i hjemmene våre, adskilt fra hverandre, og på en måte også fra våre egne kropper."",""Det var i denne stillheten at Be The Dance begynte å vokse frem. Inspirasjonen kom fra en dokumentar om Bruce Lee og en idé som traff meg: Be Water."",""[SILVER]Være vann. Bevege seg. Tilpasse seg. Flyte. Finne veier."",""Og jeg tenkte: Hva om vi kunne gjøre det samme med dans? Slik ble ideen om en rekke workshops for folk som ikke er dansere, født. Ikke for å lære trinn. Ikke for å forberede noen for en scene. Ikke for å gjøre noen til profesjonelle. Men for å danse, leke, utforske og oppdage."",""[GOLD]Oppdage hva som beveger oss. Oppdage hvordan vi beveger oss."",""Oppdage hva som skjer når vi slutter å prøve å kontrollere kroppen og begynner å lytte til den. Og fremfor alt, oppdage hvor dansen er i hver og en av oss."",""For jeg tror at dans ikke er et privilegium for dem som er født fleksible, dem som begynte som fireåringer, eller dem som lærte å telle åtte slag. Dansen ligger i genene våre. Den ligger i impulsen til å gynge når vi hører musikk. I kroppen som beveger seg når vi er glade. I den spontane gesten. I pusten. I rytmen. I ønsket om å feire, forføre, leke og frigjøre seg. Kanskje vi alle har dansen inni oss, og det trengs bare et stimuli for å la den komme frem."",""På den tiden hadde jeg allerede praktisert meditasjon i noen år, og mitt forhold til dans hadde endret seg dyptgående. Estetikk og teknikk hadde fortsatt sin plass, men det var ikke lenger nok."",""[SILVER]Jeg begynte å se på kroppen som en passasje."",""Et sted for å lytte. Et territorium for oppdagelser. Et instrument vi kan bruke til å krysse våre egne grenser og finne en uttrykksform som er unik, personlig og ekte. Det var slik Be The Dance begynte å ta form."",""Men jeg innså snart at denne utforskningen også kunne være dypt transformerende for profesjonelle dansere. For jeg kjenner denne veien fra innsiden. Jeg vet hvor mye en danser kan dedikere av år for å perfeksjonere teknikken. Den riktige posisjonen. Det høyeste hoppet. Den perfekte linjen. Den absolutte kontrollen over kroppen."",""Men hvem lærer oss å være til stede? Hvem lærer oss å finne vår egen bevegelse i en koreografi? Hvem snakker om karisma, tilstedeværelse, autentisitet? Hvem viser oss veier til å kjenne kroppen utover dens utseende? Hvem hjelper oss å oppdage hvem vi er når vi danser?"",""Be The Dance er født nettopp fra dette stedet. Mellom teknikk og frihet, kropp og følelse, bevegelse og tilstedeværelse. Mellom det vi har lært og det som allerede finnes inni oss."",""Det er en invitasjon til å eksperimentere og la kroppen tenke, føle og snakke. For danseren som ønsker å gå utover teknikken. Og for den som alltid har trodd at de “ikke kan danse”."",""For kanskje du ikke trenger å vite. Kanskje du bare trenger å begynne. Og så oppdage at dansen allerede var der. Og ventet på deg."",""[GOLD]Be The Dance. Ikke bare dans.\nVær dansen."",""[SIGNATURE]Safia""]"
programs.be-the-dance.origin.read_less,"Ocultar","Show less","Vis mindre"
programs.be-the-dance.origin.read_more,"Ler história completa","Read full story","Les hele historien"
programs.be-the-dance.origin.title,"A Origem do Be The Dance","The Origin of Be The Dance","Opprinnelsen til Be The Dance"
programs.be-the-dance.philosophy,"[{""title"":""BE THE DANCE"",""content"":[""é um programa de quatro workshops de dança."",""Foi desenhado para você explorar o movimento como caminho de presença, expressão e autoconhecimento, despertando algo essencial e único que já existe em você: sua própria dança.""]},{""title"":""BE THE DANCE É PARA TODOS"",""content"":[""A dança pode nascer no corpo de qualquer pessoa que se permita mover."",""Não há exigências."",""Basta sentir e permitir que o movimento se expresse."",""Em qualquer idade ou condição física, é possível descobrir uma forma própria de dançar.""]},{""title"":""ONDE ESTÁ A DANÇA?"",""content"":[""Não está restrita a uma técnica, a um estilo pré-definido ou a um talento especial."",""Ela existe em cada pessoa, como uma criatividade inerente pronta para ganhar forma por meio do corpo.""]},{""title"":""COMO ACONTECE A DANÇA?"",""content"":[""A dança nos acompanha há milênios, como ritual, celebração e expressão artística. Ainda que você não lembre, há no corpo uma memória de movimento, uma capacidade de sentir, criar e dançar."",""Ao criar um diálogo sensível entre música e corpo, abrimos a possibilidade de explorar novos caminhos de movimento. Ir além do conhecido permite que novas formas de expressão possam emergir."",""A dança acontece para além do controle e da busca por uma forma ideal. Quando nos permitimos estar presentes, uma expressão mais autêntica e única pode emergir do corpo.""]},{""title"":""QUAIS OS BENEFÍCIOS?"",""content"":[""• Favorecer o relaxamento profundo e contribuir para a redução do estresse."",""• Ampliar a energia, a disponibilidade corporal e a fluidez dos movimentos."",""• Reconhecer movimentos naturais e ampliar a consciência corporal, criando espaço para uma expressão mais autêntica."",""• Desenvolver a atenção, despertando os sentidos e aprofundando a presença."",""• Explorar a relação entre respiração e movimento, descobrindo novas formas de dançar com mais liberdade."",""• Ampliar a percepção reconhecendo as diferentes partes do corpo e as relações entre elas.""]},{""title"":""BE THE DANCE"",""content"":[""Workshops que integram a consciência do movimento com práticas de dança e meditação, para você descobrir e expressar a dança que já existe em você.""]}]","[{""title"":""BE THE DANCE"",""content"":[""é um programa de quatro workshops de dança."",""Foi desenhado para você explorar o movimento como caminho de presença, expressão e autoconhecimento, despertando algo essencial e único que já existe em você: sua própria dança.""]},{""title"":""BE THE DANCE É PARA TODOS"",""content"":[""A dança pode nascer no corpo de qualquer pessoa que se permita mover."",""Não há exigências."",""Basta sentir e permitir que o movimento se expresse."",""Em qualquer idade ou condição física, é possível descobrir uma forma própria de dançar.""]},{""title"":""ONDE ESTÁ A DANÇA?"",""content"":[""Não está restrita a uma técnica, a um estilo pré-definido ou a um talento especial."",""Ela existe em cada pessoa, como uma criatividade inerente pronta para ganhar forma por meio do corpo.""]},{""title"":""COMO ACONTECE A DANÇA?"",""content"":[""A dança nos acompanha há milênios, como ritual, celebração e expressão artística. Ainda que você não lembre, há no corpo uma memória de movimento, uma capacidade de sentir, criar e dançar."",""Ao criar um diálogo sensível entre música e corpo, abrimos a possibilidade de explorar novos caminhos de movimento. Ir além do conhecido permite que novas formas de expressão possam emergir."",""A dança acontece para além do controle e da busca por uma forma ideal. Quando nos permitimos estar presentes, uma expressão mais autêntica e única pode emergir do corpo.""]},{""title"":""QUAIS OS BENEFÍCIOS?"",""content"":[""• Favorecer o relaxamento profundo e contribuir para a redução do estresse."",""• Ampliar a energia, a disponibilidade corporal e a fluidez dos movimentos."",""• Reconhecer movimentos naturais e ampliar a consciência corporal, criando espaço para uma expressão mais autêntica."",""• Desenvolver a atenção, despertando os sentidos e aprofundando a presença."",""• Explorar a relação entre respiração e movimento, descobrindo novas formas de dançar com mais liberdade."",""• Ampliar a percepção reconhecendo as diferentes partes do corpo e as relações entre elas.""]},{""title"":""BE THE DANCE"",""content"":[""Workshops que integram a consciência do movimento com práticas de dança e meditação, para você descobrir e expressar a dança que já existe em você.""]}]","[{""title"":""BE THE DANCE"",""content"":[""é um programa de quatro workshops de dança."",""Foi desenhado para você explorar o movimento como caminho de presença, expressão e autoconhecimento, despertando algo essencial e único que já existe em você: sua própria dança.""]},{""title"":""BE THE DANCE É PARA TODOS"",""content"":[""A dança pode nascer no corpo de qualquer pessoa que se permita mover."",""Não há exigências."",""Basta sentir e permitir que o movimento se expresse."",""Em qualquer idade ou condição física, é possível descobrir uma forma própria de dançar.""]},{""title"":""ONDE ESTÁ A DANÇA?"",""content"":[""Não está restrita a uma técnica, a um estilo pré-definido ou a um talento especial."",""Ela existe em cada pessoa, como uma criatividade inerente pronta para ganhar forma por meio do corpo.""]},{""title"":""COMO ACONTECE A DANÇA?"",""content"":[""A dança nos acompanha há milênios, como ritual, celebração e expressão artística. Ainda que você não lembre, há no corpo uma memória de movimento, uma capacidade de sentir, criar e dançar."",""Ao criar um diálogo sensível entre música e corpo, abrimos a possibilidade de explorar novos caminhos de movimento. Ir além do conhecido permite que novas formas de expressão possam emergir."",""A dança acontece para além do controle e da busca por uma forma ideal. Quando nos permitimos estar presentes, uma expressão mais autêntica e única pode emergir do corpo.""]},{""title"":""QUAIS OS BENEFÍCIOS?"",""content"":[""• Favorecer o relaxamento profundo e contribuir para a redução do estresse."",""• Ampliar a energia, a disponibilidade corporal e a fluidez dos movimentos."",""• Reconhecer movimentos naturais e ampliar a consciência corporal, criando espaço para uma expressão mais autêntica."",""• Desenvolver a atenção, despertando os sentidos e aprofundando a presença."",""• Explorar a relação entre respiração e movimento, descobrindo novas formas de dançar com mais liberdade."",""• Ampliar a percepção reconhecendo as diferentes partes do corpo e as relações entre elas.""]},{""title"":""BE THE DANCE"",""content"":[""Workshops que integram a consciência do movimento com práticas de dança e meditação, para você descobrir e expressar a dança que já existe em você.""]}]"
programs.be-the-dance.subtitle,"Descubra a dança que existe em você.","Descubra a dança que existe em você.","Descubra a dança que existe em você."
programs.be-the-dance.title,"Be the Dance","Be the Dance","Be the Dance"
programs.be-the-dance.workshops.be-balance.closingAuthor,"Rumi","Rumi","Rumi"
programs.be-the-dance.workshops.be-balance.closingQuote,"O equilíbrio não é a ausência de movimento, mas a harmonia perfeita entre as forças que nos movem.","Balance is not the absence of movement, but the perfect harmony between the forces that move us.","Balanse er ikke fravær av bevegelse, men den perfekte harmonien mellom kreftene som beveger oss."
programs.be-the-dance.workshops.be-balance.fullDescription,"Encontrar o equilíbrio é aprender a escutar o corpo.
O equilíbrio não é estático. Está em constante movimento, entre apoio e impulso, estabilidade e mudança, presença e ação.
Neste workshop, exploramos essa relação dinâmica e as diferentes formas de encontrar estabilidade dentro do movimento. Um convite para descobrir como força, leveza e equilíbrio podem coexistir e criar novas possibilidades.
O corpo possui uma inteligência própria. Quando aprendemos a escutá-lo, podemos confiar nas suas escolhas e permitir que ele encontre o seu próprio equilíbrio.","Finding balance is learning to listen to the body.
Balance is not static. It is in constant movement, between support and impulse, stability and change, presence and action.
In this workshop, we explore this dynamic relationship and the different ways to find stability within movement. An invitation to discover how strength, lightness, and balance can coexist and create new possibilities.
The body has its own intelligence. When we learn to listen to it, we can trust its choices and allow it to find its own balance.","Å finne balanse er å lære å lytte til kroppen.
Balanse er ikke statisk. Den er i konstant bevegelse, mellom støtte og impuls, stabilitet og endring, tilstedeværelse og handling.
I denne workshopen utforsker vi dette dynamiske forholdet og de ulike måtene å finne stabilitet i bevegelse på. En invitasjon til å oppdage hvordan styrke, letthet og balanse kan eksistere sammen og skape nye muligheter.
Kroppen har sin egen intelligens. Når vi lærer å lytte til den, kan vi stole på valgene dens og la den finne sin egen balanse."
programs.be-the-dance.workshops.be-balance.shortDescription,"Buscando harmonia","Seeking harmony","Å søke harmoni"
programs.be-the-dance.workshops.be-balance.title,"Be Balance","Be Balance","Be Balance"
programs.be-the-dance.workshops.be-stillness.fullDescription,"Na quietude, o corpo começa a falar.
Entre um pensamento e outro, entre uma respiração e a seguinte, existe o silêncio. É nesse intervalo que podemos escutar as sensações mais sutis do corpo.
Neste workshop, exploramos a pausa e a escuta como parte essencial do movimento. Um convite para desacelerar e sentir o corpo, deixando surgir aquilo que se revela quando não há necessidade de estar sempre em movimento.
A quietude não é ausência de movimento. É sobretudo possibilidade.
Be Stillness é uma experiência de escuta. Um espaço para estar presente, encontrar o silêncio dentro do movimento e permitir que, a partir dele, a dança se revele.","In stillness, the body begins to speak.
Between one thought and another, between one breath and the next, there is silence. It is in this gap that we can listen to the subtlest sensations of the body.
In this workshop, we explore pausing and listening as an essential part of movement. An invitation to slow down and feel the body, letting what is revealed emerge when there is no need to always be in motion.
Stillness is not the absence of movement. It is above all possibility.
Be Stillness is an experience of listening. A space to be present, find silence within movement, and allow the dance to reveal itself from there.","I stillheten begynner kroppen å snakke.
Mellom én tanke og en annen, mellom ett pust og det neste, finnes det stillhet. Det er i dette rommet at vi kan lytte til kroppens mest subtile fornemmelser.
I denne workshopen utforsker vi pauser og lytting som en essensiell del av bevegelsen. En invitasjon til å roe ned og kjenne kroppen, og la det som åpenbarer seg komme frem når det ikke er noe behov for alltid å være i bevegelse.
Stillhet er ikke fravær av bevegelse. Det er fremfor alt mulighet.
Be Stillness er en opplevelse av lytting. Et rom for å være til stede, finne stillheten i bevegelsen og la dansen åpenbare seg derfra."
programs.be-the-dance.workshops.be-stillness.shortDescription,"Escutando com presença","Listening with presence","Å lytte med tilstedeværelse"
programs.be-the-dance.workshops.be-stillness.title,"Be Stillness","Be Stillness","Be Stillness"
programs.be-the-dance.workshops.be-the-dance-day.fullDescription,"Dançar é também encontrar o outro.

Há músicas que nos fazem viajar, ritmos que despertam o corpo e movimentos que nos aproximam, mesmo quando não falamos a mesma língua.

Be The Dance Day é um encontro aberto a todos, para dançar, divertir-se e partilhar a experiência do movimento ao som de diferentes músicas e culturas.

Ao longo do encontro, somos convidados a experimentar diferentes ritmos, formas de dançar e maneiras de nos relacionarmos com a música e com quem está à nossa volta. Sem necessidade de saber dançar, sem passos certos ou errados, apenas a curiosidade de experimentar e a liberdade de nos deixarmos levar.

Mais do que aprender uma dança, é uma oportunidade para viver a dança como encontro: com a música, com o corpo, com diferentes culturas e com outras pessoas.

​
Be The Dance Day é uma celebração do movimento e da diversidade. Um espaço para soltar o corpo, descobrir novos ritmos, se divertir, criar conexões e simplesmente dançar.

Venha como você é. Vamos dançar juntos.","Dancing is also encountering the other.

There is music that makes us travel, rhythms that awaken the body, and movements that bring us closer, even when we don't speak the same language.

Be The Dance Day is an open gathering for everyone to dance, have fun, and share the experience of movement to the sounds of different music and cultures.

Throughout the gathering, we are invited to experience different rhythms, ways of dancing, and ways of relating to music and those around us. No dance experience is necessary, no right or wrong steps, just the curiosity to experiment and the freedom to let ourselves go.

More than learning a dance, it is an opportunity to experience dance as an encounter: with music, with the body, with different cultures, and with other people.

​
Be The Dance Day is a celebration of movement and diversity. A space to let the body loose, discover new rhythms, have fun, create connections, and simply dance.

Come as you are. Let's dance together.","Å danse er også å møte den andre.

Det finnes musikk som får oss til å reise, rytmer som vekker kroppen, og bevegelser som bringer oss nærmere hverandre, selv når vi ikke snakker samme språk.

Be The Dance Day er en åpen samling for alle, for å danse, ha det gøy og dele opplevelsen av bevegelse til lyden av forskjellig musikk og kulturer.

Gjennom samlingen inviteres vi til å oppleve ulike rytmer, måter å danse på, og måter å forholde oss til musikken og de rundt oss. Ingen danseerfaring er nødvendig, ingen riktige eller gale trinn, bare nysgjerrigheten til å eksperimentere og friheten til å la oss rive med.

Mer enn å lære en dans, er det en mulighet til å oppleve dans som et møte: med musikk, med kroppen, med forskjellige kulturer, og med andre mennesker.

​
Be The Dance Day er en feiring av bevegelse og mangfold. Et rom for å la kroppen delta, oppdage nye rytmer, ha det gøy, skape forbindelser, og rett og slett danse.

Kom som du er. La oss danse sammen."
programs.be-the-dance.workshops.be-the-dance-day.shortDescription,"Dançar e celebrar","Dance and celebrate","Å danse og feire"
programs.be-the-dance.workshops.be-the-dance-day.title,"BE THE DANCE DAY","BE THE DANCE DAY","BE THE DANCE DAY"
programs.be-the-dance.workshops.be-the-dance-pro.fullDescription,"Você já é bailarino. Agora, seja a dança.

A técnica é o instrumento através do qual o bailarino expressa a sua arte. Mas existe algo além dela: uma presença, uma qualidade de entrega, uma forma de estar no movimento que faz com que alguns bailarinos sejam capazes de capturar a nossa atenção e nos tocar de uma maneira única.
O que é presença?

Neste workshop, investigamos esse “algo mais”. Um convite para ir além da execução, do intelecto e da mente que observa e controla, e mergulhar numa experiência de presença, consciência e entrega.

Através de práticas de educação somática, meditação, improvisação guiada e outras ferramentas de exploração do movimento, criamos espaço para escutar o corpo, ampliar a percepção e descobrir novas possibilidades de estar em cena.

Mais do que acrescentar novas ferramentas à técnica, Be The Dance Pro propõe uma jornada para dentro de si. Uma investigação sobre o que acontece quando deixamos de apenas fazer a dança e permitimos que ela aconteça através de nós.
O que é carisma?

​
Be The Dance Pro é uma experiência de presença e totalidade. Um espaço para aprofundar a relação entre corpo, mente e movimento e descobrir aquilo que torna cada bailarino único. Uma busca por se perder na dança para encontrar aquele lugar onde bailarino e dança deixam de ser duas coisas diferentes.

O momento em que o bailarino é a própria dança.","You are already a dancer. Now, be the dance.

Technique is the instrument through which the dancer expresses their art. But there is something beyond it: a presence, a quality of surrender, a way of being in the movement that makes some dancers capable of capturing our attention and touching us in a unique way.
What is presence?

In this workshop, we investigate this “something more”. An invitation to go beyond execution, the intellect, and the mind that observes and controls, and dive into an experience of presence, awareness, and surrender.

Through practices of somatic education, meditation, guided improvisation, and other tools for movement exploration, we create space to listen to the body, expand perception, and discover new possibilities of being on stage.

More than adding new tools to technique, Be The Dance Pro proposes a journey inward. An investigation into what happens when we stop merely doing the dance and allow it to happen through us.
What is charisma?

​
Be The Dance Pro is an experience of presence and totality. A space to deepen the relationship between body, mind, and movement and discover what makes each dancer unique. A quest to lose oneself in the dance to find that place where dancer and dance cease to be two different things.

The moment the dancer is the dance itself.","Du er allerede en danser. Nå, vær dansen.

Teknikk er instrumentet som danseren uttrykker sin kunst gjennom. Men det er noe forbi den: en tilstedeværelse, en kvalitet av overgivelse, en måte å være i bevegelsen på som gjør noen dansere i stand til å fange vår oppmerksomhet og berøre oss på en unik måte.
Hva er tilstedeværelse?

I denne workshopen undersøker vi dette «noe mer». En invitasjon til å gå utover utførelse, intellektet og sinnet som observerer og kontrollerer, og dykke ned i en opplevelse av tilstedeværelse, bevissthet og overgivelse.

Gjennom praksiser innen somatisk utdanning, meditasjon, veiledet improvisasjon og andre verktøy for bevegelsesutforskning, skaper vi rom for å lytte til kroppen, utvide persepsjonen og oppdage nye muligheter for å være på scenen.

Mer enn å legge til nye verktøy til teknikken, foreslår Be The Dance Pro en reise innover. En undersøkelse av hva som skjer når vi slutter å bare gjøre dansen og lar den skje gjennom oss.
Hva er karisma?

​
Be The Dance Pro er en opplevelse av tilstedeværelse og totalitet. Et rom for å utdype forholdet mellom kropp, sinn og bevegelse og oppdage hva som gjør hver danser unik. En søken etter å miste seg selv i dansen for å finne det stedet hvor danser og dans slutter å være to forskjellige ting.

Øyeblikket hvor danseren er selve dansen."
programs.be-the-dance.workshops.be-the-dance-pro.shortDescription,"Mergulhando para além da técnica","Diving beyond technique","Å dykke forbi teknikken"
programs.be-the-dance.workshops.be-the-dance-pro.title,"BE THE DANCE PRO","BE THE DANCE PRO","BE THE DANCE PRO"
programs.be-the-dance.workshops.be-total.closingAuthor,"Kabir","Kabir","Kabir"
programs.be-the-dance.workshops.be-total.closingQuote,"DANÇA, meu coração. Dança hoje com alegria.","DANCE, my heart. Dance today with joy.","DANS, mitt hjerte. Dans i dag med glede."
programs.be-the-dance.workshops.be-total.fullDescription,"Dançar é ser inteiro. É não guardar nada.
Sem se proteger, sem hesitar, sem guardar energia. Quando nos permitimos estar por inteiro no que fazemos, o corpo encontra liberdade para se expressar com espontaneidade e verdade.
Neste workshop, exploramos a entrega total ao momento. Um convite para confiar no impulso, comprometer-se plenamente com cada gesto e deixar que o corpo se expresse sem reservas.
Não se trata de fazer mais, mas de estar completamente presente no que fazemos. De colocar tudo no movimento e permitir que cada gesto seja vivido por inteiro.
Be Total é uma experiência de entrega e expressão. Um espaço para estar totalmente presente, sem poupar energia e descobrir o que acontece quando nos permitimos dançar sem reservas.","To dance is to be whole. It is holding nothing back.
Without protecting yourself, without hesitating, without saving energy. When we allow ourselves to be fully in what we do, the body finds the freedom to express itself with spontaneity and truth.
In this workshop, we explore total surrender to the moment. An invitation to trust the impulse, commit fully to each gesture, and let the body express itself without reservation.
It is not about doing more, but about being completely present in what we do. About putting everything into the movement and allowing each gesture to be lived entirely.
Be Total is an experience of surrender and expression. A space to be totally present, without saving energy, and discover what happens when we allow ourselves to dance without reservation.","Å danse er å være hel. Det er å ikke holde noe tilbake.
Uten å beskytte deg selv, uten å nøle, uten å spare på energien. Når vi tillater oss selv å være helt til stede i det vi gjør, finner kroppen friheten til å uttrykke seg med spontanitet og sannhet.
I denne workshopen utforsker vi total overgivelse til øyeblikket. En invitasjon til å stole på impulsen, forplikte seg fullt ut til hver bevegelse, og la kroppen uttrykke seg uforbeholdent.
Det handler ikke om å gjøre mer, men om å være helt til stede i det vi gjør. Om å legge alt i bevegelsen og la hver gest bli levd fullt ut.
Be Total er en opplevelse av overgivelse og uttrykk. Et rom for å være helt til stede, uten å spare energi, og oppdage hva som skjer når vi tillater oss å danse uforbeholdent."
programs.be-the-dance.workshops.be-total.shortDescription,"Estando por inteiro","Being whole","Å være hel"
programs.be-the-dance.workshops.be-total.title,"Be Total","Be Total","Be Total"
programs.be-the-dance.workshops.be-water.closingAuthor,"Bruce Lee","Bruce Lee","Bruce Lee"
programs.be-the-dance.workshops.be-water.closingQuote,"Seja como a água, meu amigo. Esvazie sua mente. Seja sem forma, sem contorno, como a água. Se você colocar água em um xícara, ela se torna a xícara. Se você colocar água em uma garrafa, ela se torna a garrafa. Se você colocá-la em um bule, ela se torna o bule. A água pode fluir ou pode se chocar. Seja como a água, meu amigo.","Be Water, My Friend. Empty your mind. Be formless, shapeless, like water. You put water into a cup, it becomes the cup. You put water into a bottle, it becomes the bottle. You put it into a teapot, it becomes the teapot. Now water can flow or it can crash. Be water, my friend.","Vær vann, min venn. Tøm sinnet ditt. Vær formløs, uten fasong, som vann. Fyller du vann i en kopp, blir det koppen. Fyller du vann i en flaske, blir det flasken. Fyller du det i en tekanne, blir det tekannen. Nå kan vann strømme, eller det kan knuse. Vær vann, min venn."
programs.be-the-dance.workshops.be-water.fullDescription,"Entregar-se ao movimento é encontrar o fluxo.
Quando deixamos de tentar conduzir cada gesto, o corpo encontra naturalmente novos caminhos. O movimento torna-se mais livre e orgânico, guiado pela escuta e pela sensação.
Neste workshop, exploramos o fluir como possibilidade de expressão. Um convite para experimentar o movimento sem resistência, confiar no corpo e permitir que uma ação conduza naturalmente à seguinte.
Como a água, que encontra o seu caminho sem precisar lutar contra ele, aprendemos a acompanhar o movimento em vez de controlá-lo.
Be Water é uma experiência de entrega. Um espaço para deixar o corpo seguir o seu próprio fluxo e descobrir a dança que surge quando simplesmente nos deixamos levar.","Surrendering to movement is finding the flow.
When we stop trying to direct every gesture, the body naturally finds new paths. Movement becomes freer and more organic, guided by listening and sensation.
In this workshop, we explore flowing as a possibility of expression. An invitation to experience movement without resistance, trust the body, and allow one action to naturally lead to the next.
Like water, which finds its way without needing to fight against it, we learn to accompany movement instead of controlling it.
Be Water is an experience of surrender. A space to let the body follow its own flow and discover the dance that emerges when we simply let go.","Å overgi seg til bevegelsen er å finne flyten.
Når vi slutter å prøve å styre hver eneste bevegelse, finner kroppen naturlig nye veier. Bevegelsen blir friere og mer organisk, veiledet av å lytte og føle.
I denne workshopen utforsker vi å flyte som en mulighet for uttrykk. En invitasjon til å oppleve bevegelse uten motstand, stole på kroppen og la én handling naturlig føre til den neste.
Som vannet, som finner sin vei uten å måtte kjempe mot den, lærer vi å følge bevegelsen i stedet for å kontrollere den.
Be Water er en opplevelse av overgivelse. Et rom for å la kroppen følge sin egen flyt og oppdage dansen som oppstår når vi rett og slett gir slipp."
programs.be-the-dance.workshops.be-water.shortDescription,"Soltando e fluindo","Letting go and flowing","Å gi slipp og flyte"
programs.be-the-dance.workshops.be-water.title,"Be Water","Be Water","Be Water"
programs.biostretch.corporate.description,"Biostretch in Company.","Biostretch in Company.","Biostretch in Company."
programs.biostretch.corporate.title,"Formato para Empresas","Corporate Format","Bedriftsformat"
programs.biostretch.description,"Biostretch é um sistema de exercícios...","Biostretch é um sistema de exercícios...","Biostretch é um sistema de exercícios..."
programs.biostretch.individualSessions.description,"Atendimento personalizado de Biostretch.","Personalized Biostretch sessions.","Personlige Biostretch-økter."
programs.biostretch.individualSessions.title,"Sessões Individuais","Individual Sessions","Individuelle Timer"
programs.biostretch.origin.cv_link_text,"Ver currículo completo","View full resume","Se hele CV-en"
programs.biostretch.origin.cv_url,"/safia","/safia","/safia"
programs.biostretch.origin.paragraphs,"[""Tudo começou em Nova York."",""Eu estava em busca de novas formas de expressar a dança. Queria ir além do que já conhecia, atravessar as fronteiras do corpo que havia aprendido a dominar. E foi assim que cheguei à Big Apple. Fui para estudar dança moderna, mais especificamente uma abordagem chamada Release Technique."",""[SILVER]E então, tudo aquilo que eu sabia sobre dança começou a ruir."",""Eu vinha do ballet clássico, um universo de formas precisas, movimentos codificados, linhas cuidadosamente construídas, músculos treinados para obedecer. No Release, era quase o contrário. O movimento não precisava ser imposto ao corpo. Ele podia nascer dentro dele."",""Um pequeno impulso, uma mudança de peso, uma respiração, uma relação com a gravidade e algo começava a se mover. O corpo parecia encontrar seus próprios caminhos. O esqueleto, nossa estrutura mais básica e profunda, tornava-se ponto de partida para infinitas possibilidades."",""Foi difícil. E profundamente instigante."",""Meu corpo ainda estava preso ao ballet. Demorei meses apenas para conseguir soltar a barriga. Para respirar de uma maneira mais natural. Para permitir que o corpo deixasse de estar permanentemente preparado para executar e começasse, simplesmente, a sentir. Era uma desconstrução."",""[GOLD]Um mergulho no desconhecido."",""Foi nesse período que fui apresentada a diferentes métodos de Educação Somática. Apaixonei-me imediatamente."",""Passei a procurar essas práticas em todos os lugares, em todas as aulas que encontrava. E, pouco a pouco, comecei a perceber algo que mudaria para sempre a minha relação com o movimento: talvez o corpo não precisasse de mais esforço. Talvez precisasse de mais escuta."",""Essas práticas, geralmente gentis com o corpo, partem de uma ideia poderosa: existe uma inteligência corporal inerente em nós. E quando aprendemos a escutá-la, quando desenvolvemos consciência do movimento, abrimos caminhos para mais saúde, liberdade e presença."",""Primeiro, percebi o quanto isso era essencial para bailarinos. Depois, percebi que era essencial para todos. Para quem passa horas diante de um computador. Para quem trabalha em pé. Para quem pratica esportes. Para quem sente dores, tensões ou limitações. Para quem simplesmente deseja conhecer melhor o próprio corpo e descobrir uma maneira mais livre de se mover pela vida."",""[SILVER]Mas havia ainda outra descoberta."",""Quanto mais eu praticava, mais percebia que aquele trabalho não dizia respeito apenas ao corpo. Ele colocava em questão alguns dos pilares sobre os quais construímos a vida moderna: esforço, competência, produtividade, eficiência e controle. Vivemos em uma cultura que nos ensina a fazer mais, mais rápido, melhor. A controlar. A superar. A conquistar."",""E se, por alguns instantes, fizéssemos o contrário? E se, em vez de exigir uma resposta do corpo, aprendêssemos a ouvi-lo? E se, em vez de buscar a perfeição do movimento, investigássemos a experiência de estar em movimento?"",""Para mim, essa prática tornou-se uma espécie de meditação em movimento. Um espaço de encontro consigo mesmo. Um momento para suspender, por um instante, tudo aquilo que aprendemos sobre como um corpo deveria ser, como deveria se mover, como deveria funcionar. E começar uma investigação. Não para chegar a um movimento certo. Mas para descobrir o que é possível."",""Foi então que percebi que poderia reunir três mundos que haviam atravessado minha vida: a dança, a prática meditativa e a Educação Somática. Dessa interseção nasceu o Biostretch. Um método vivo."",""[SILVER]Vivo porque não termina quando a prática termina."",""Aquilo que percebemos durante um encontro pode atravessar a porta da sala e acompanhar-nos para a vida. Pode transformar a maneira como caminhamos, sentamos, respiramos, trabalhamos, dançamos, descansamos. Pode trazer mais conforto, facilidade e eficiência para os movimentos mais simples, justamente aqueles que repetimos todos os dias sem sequer perceber."",""[GOLD]No Biostretch, consciência é a chave."",""Porque não é apenas o movimento que fazemos que importa. É a qualidade com que ele acontece. É o que acontece antes do movimento. É o que percebemos enquanto ele acontece. É aquilo que muda quando deixamos de lutar contra o corpo e começamos a conversar com ele."",""Talvez você tenha passado a vida inteira tentando fazer seu corpo obedecer.\nE se agora fosse o momento de escutá-lo? É essa investigação que proponho nas aulas de Biostretch. Um convite para desacelerar, para sentir, para respirar. Para soltar o que já não precisa ser sustentado. Para descobrir caminhos que estavam ali o tempo todo, esperando apenas que você prestasse atenção."",""Venha experimentar. Talvez você não descubra apenas uma nova maneira de se mover."",""[GOLD]Talvez descubra uma nova maneira de estar no próprio corpo."",""[SIGNATURE]Safia""]","[""It all started in New York."",""I was looking for new ways to express dance. I wanted to go beyond what I already knew, to cross the borders of the body I had learned to master. And that's how I arrived in the Big Apple. I went to study modern dance, specifically an approach called Release Technique."",""[SILVER]And then, everything I knew about dance began to crumble."",""I came from classical ballet, a universe of precise forms, codified movements, carefully constructed lines, muscles trained to obey. In Release, it was almost the opposite. Movement didn't need to be imposed on the body. It could be born within it."",""A small impulse, a shift in weight, a breath, a relationship with gravity, and something would begin to move. The body seemed to find its own paths. The skeleton, our most basic and profound structure, became the starting point for endless possibilities."",""It was difficult. And deeply thought-provoking."",""My body was still trapped in ballet. It took me months just to be able to release my stomach. To breathe more naturally. To allow the body to stop being permanently prepared to execute and simply begin to feel. It was a deconstruction."",""[GOLD]A dive into the unknown."",""It was during this period that I was introduced to different methods of Somatic Education. I fell in love immediately."",""I began seeking out these practices everywhere, in every class I could find. And little by little, I started to realize something that would forever change my relationship with movement: maybe the body didn't need more effort. Maybe it needed more listening."",""These practices, usually gentle with the body, start from a powerful idea: there is an inherent bodily intelligence within us. And when we learn to listen to it, when we develop movement awareness, we open paths to more health, freedom, and presence."",""First, I realized how essential this was for dancers. Then, I realized it was essential for everyone. For those who spend hours in front of a computer. For those who work standing up. For those who practice sports. For those who feel pain, tension, or limitations. For those who simply wish to know their own body better and discover a freer way to move through life."",""[SILVER]But there was yet another discovery."",""The more I practiced, the more I realized that this work wasn't just about the body. It challenged some of the pillars upon which we build modern life: effort, competence, productivity, efficiency, and control. We live in a culture that teaches us to do more, faster, better. To control. To overcome. To conquer."",""What if, for a few moments, we did the opposite? What if, instead of demanding a response from the body, we learned to listen to it? What if, instead of seeking the perfection of movement, we investigated the experience of being in motion?"",""For me, this practice became a kind of moving meditation. A space of encountering oneself. A moment to suspend, for an instant, everything we learned about how a body should be, how it should move, how it should function. And to begin an investigation. Not to arrive at a right movement. But to discover what is possible."",""It was then I realized I could bring together three worlds that had crossed my life: dance, meditative practice, and Somatic Education. From this intersection, Biostretch was born. A living method."",""[SILVER]Living because it doesn't end when the practice ends."",""What we perceive during a session can cross the room's door and accompany us into life. It can transform the way we walk, sit, breathe, work, dance, rest. It can bring more comfort, ease, and efficiency to the simplest movements, precisely those we repeat every day without even noticing."",""[GOLD]In Biostretch, awareness is key."",""Because it's not just the movement we make that matters. It's the quality with which it happens. It's what happens before the movement. It's what we perceive while it happens. It's what changes when we stop fighting against the body and start conversing with it."",""Perhaps you've spent your entire life trying to make your body obey.\nWhat if now was the moment to listen to it? That is the investigation I propose in Biostretch classes. An invitation to slow down, to feel, to breathe. To release what no longer needs to be held. To discover paths that were there all along, just waiting for you to pay attention."",""Come and try it. Perhaps you won't just discover a new way to move."",""[GOLD]Perhaps you will discover a new way to be in your own body."",""[SIGNATURE]Safia""]","[""Alt startet i New York."",""Jeg var på utkikk etter nye måter å uttrykke dans på. Jeg ønsket å gå utover det jeg allerede visste, å krysse grensene til den kroppen jeg hadde lært meg å mestre. Og det var slik jeg havnet i The Big Apple. Jeg dro for å studere moderne dans, nærmere bestemt en tilnærming kalt Release Technique."",""[SILVER]Og da begynte alt jeg visste om dans å smuldre opp."",""Jeg kom fra klassisk ballett, et univers av presise former, kodifiserte bevegelser, nøye konstruerte linjer, muskler trent til å adlyde. I Release var det nesten stikk motsatt. Bevegelsen trengte ikke å bli påtvunget kroppen. Den kunne fødes innenfra."",""En liten impuls, en vektoverføring, et pust, et forhold til tyngdekraften, og noe begynte å bevege seg. Kroppen virket å finne sine egne veier. Skjelettet, vår mest grunnleggende og dypeste struktur, ble utgangspunktet for uendelige muligheter."",""Det var vanskelig. Og dypt tankevekkende."",""Kroppen min var fortsatt fanget i balletten. Det tok meg måneder bare å klare å slippe magen. Å puste på en mer naturlig måte. Å tillate at kroppen sluttet å være permanent forberedt på å prestere og i stedet, rett og slett, begynte å føle. Det var en dekonstruksjon."",""[GOLD]Et dykk ut i det ukjente."",""Det var i denne perioden jeg ble introdusert for ulike metoder innen somatisk utdanning. Jeg forelsket meg umiddelbart."",""Jeg begynte å søke etter disse praksisene overalt, i alle klasser jeg kunne finne. Og litt etter litt begynte jeg å innse noe som for alltid ville endre mitt forhold til bevegelse: kanskje kroppen ikke trengte mer anstrengelse. Kanskje den trengte mer lytting."",""Disse praksisene, som oftest er milde mot kroppen, tar utgangspunkt i en kraftfull idé: det finnes en iboende kroppslig intelligens i oss. Og når vi lærer å lytte til den, når vi utvikler bevissthet om bevegelse, åpner vi veier til mer helse, frihet og tilstedeværelse."",""Først forsto jeg hvor essensielt dette var for dansere. Deretter forsto jeg at det var essensielt for alle. For de som tilbringer timer foran en datamaskin. For de som jobber stående. For de som driver med sport. For de som føler smerte, spenning eller begrensninger. For de som rett og slett ønsker å kjenne sin egen kropp bedre og oppdage en friere måte å bevege seg gjennom livet på."",""[SILVER]Men det var enda en oppdagelse."",""Jo mer jeg praktiserte, jo mer forsto jeg at dette arbeidet ikke bare handlet om kroppen. Det stilte spørsmål ved noen av bærebjelkene vi bygger det moderne livet på: innsats, kompetanse, produktivitet, effektivitet og kontroll. Vi lever i en kultur som lærer oss å gjøre mer, raskere, bedre. Å kontrollere. Å overvinne. Å erobre."",""Hva om vi, for et lite øyeblikk, gjorde det motsatte? Hva om vi, i stedet for å kreve et svar fra kroppen, lærte oss å lytte til den? Hva om vi, i stedet for å søke etter bevegelsens perfeksjon, utforsket selve opplevelsen av å være i bevegelse?"",""For meg ble denne praksisen en slags meditasjon i bevegelse. Et rom for å møte seg selv. Et øyeblikk for å suspendere, bare for et sekund, alt vi har lært om hvordan en kropp bør være, hvordan den bør bevege seg, hvordan den bør fungere. Og for å begynne en utforskning. Ikke for å komme frem til en riktig bevegelse. Men for å oppdage hva som er mulig."",""Det var da jeg innså at jeg kunne samle tre verdener som hadde krysset livet mitt: dans, meditativ praksis og somatisk utdanning. Fra dette krysningspunktet ble Biostretch født. En levende metode."",""[SILVER]Levende fordi den ikke slutter når praksisen er over."",""Det vi oppfatter under et møte kan krysse dørstokken og følge oss ut i livet. Det kan forandre måten vi går, sitter, puster, jobber, danser, hviler på. Det kan bringe mer komfort, letthet og effektivitet til de enkleste bevegelsene, nettopp de vi gjentar hver dag uten en gang å legge merke til det."",""[GOLD]I Biostretch er bevissthet nøkkelen."",""For det er ikke bare den bevegelsen vi gjør som betyr noe. Det er kvaliteten den skjer med. Det er det som skjer før bevegelsen. Det er det vi oppfatter mens den skjer. Det er det som endrer seg når vi slutter å kjempe mot kroppen og begynner å snakke med den."",""Kanskje har du brukt hele livet på å prøve å få kroppen din til å adlyde.\nHva om det nå var på tide å lytte til den? Det er denne utforskningen jeg foreslår i Biostretch-klassene. En invitasjon til å sakke farten, til å føle, til å puste. Til å slippe det som ikke lenger trenger å bli holdt fast i. Til å oppdage veier som har vært der hele tiden, og bare ventet på at du skulle følge med."",""Kom og prøv. Kanskje vil du ikke bare oppdage en ny måte å bevege deg på."",""[GOLD]Kanskje vil du oppdage en ny måte å være i din egen kropp på."",""[SIGNATURE]Safia""]"
programs.biostretch.origin.photo_url,"/images/creator-biostretch.jpeg","/images/creator-biostretch.jpeg","/images/creator-biostretch.jpeg"
programs.biostretch.origin.read_less,"Recolher","Collapse","Lukk"
programs.biostretch.origin.read_more,"Ler história completa","Read full story","Les hele historien"
programs.biostretch.origin.title,"A Origem do Biostretch","The Origin of Biostretch","Opprinnelsen til Biostretch"
programs.biostretch.philosophy,"[{""title"":""O QUE É O BIOSTRETCH?"",""content"":[""Biostretch é um sistema de exercícios que promove a reconexão com o corpo por meio da consciência do movimento."",""O método utiliza a atenção como sua principal ferramenta: um recurso simples, poderoso e acessível a todos. Ao direcioná-la para a experiência do movimento, ampliamos a percepção do corpo e abrimos espaço para novas possibilidades de organização corporal."",""Inspirado em mais de quatro décadas de estudos em dança, Educação Somática e meditação, o método reconhece o corpo como um sistema inteligente, integrado e em constante transformação. Em vez de buscar desempenho ou correção, propõe uma investigação sutil da experiência corporal, na qual importa menos o que se faz e mais como se faz."",""É dessa experiência de presença que nasce uma nova forma de perceber e habitar o corpo. Mas como essa transformação acontece na prática?""]},{""title"":""COMO ATUA?"",""content"":[""A prática do Biostretch convida você a desacelerar, relaxar o corpo e direcionar a atenção para movimentos simples e para as sensações que eles despertam."",""Nessa exploração, torna-se possível reconhecer padrões de tensão, hábitos de movimento e formas de organização corporal que costumam permanecer fora da nossa percepção por operarem de forma automática e inconsciente. A aparente simplicidade da prática revela um trabalho profundo de escuta, percepção e reorganização."",""Ao serem realizados de forma lenta, suave e sem esforço, os exercícios favorecem um estado de equilíbrio no sistema nervoso, responsável por coordenar a comunicação entre corpo e mente e regular as funções do organismo. Nesse estado, o corpo encontra espaço para liberar tensões, reorganizar-se e recuperar a fluidez natural do movimento."",""Mais do que ensinar novos movimentos, o Biostretch fortalece a confiança na inteligência inata do corpo e convida a redescobrir o prazer de mover-se com liberdade, presença e consciência. O melhor é que essa experiência está ao alcance de qualquer pessoa.""]},{""title"":""QUEM PODE PRATICAR?"",""content"":[""O Biostretch pode ser praticado por pessoas de todas as idades e diferentes níveis de experiência, condicionamento físico ou mobilidade."",""A prática respeita a individualidade de cada corpo. Não existe um movimento ideal a ser alcançado nem um padrão externo a ser seguido. Cada pessoa explora as sequências dentro de seus próprios limites e possibilidades, no seu próprio ritmo."",""Em vez de adaptar o corpo a um modelo, o Biostretch valoriza aquilo que cada pessoa já possui: sua capacidade de perceber, aprender e encontrar caminhos mais confortáveis e funcionais para o movimento. Assim, a prática fortalece a autonomia, a confiança e o prazer de habitar o próprio corpo."",""E o que essa prática pode transformar no dia a dia?""]},{""title"":""QUAIS OS BENEFÍCIOS?"",""content"":[""A prática regular do Biostretch contribui para aliviar tensões, ampliar a mobilidade, melhorar a postura e tornar os movimentos mais leves, coordenados e confortáveis. Com o tempo, o corpo recupera a fluidez e eficiência, tornando as atividades do dia a dia mais fáceis e prazerosas."",""Ao favorecer o equilíbrio do sistema nervoso, a prática também ajuda a reduzir os efeitos do estresse, melhorar a qualidade da respiração e aliviar dores e desconfortos associados à tensão muscular, especialmente em regiões como pescoço, ombros e costas. Além disso, contribui para prevenir lesões relacionadas a padrões repetitivos e ao uso excessivo do corpo."",""Com o tempo, essas mudanças se estendem para além da prática e passam a fazer parte da maneira como nos movemos, percebemos e utilizamos o corpo no dia a dia.""]}]","[{""title"":""O QUE É O BIOSTRETCH?"",""content"":[""Biostretch é um sistema de exercícios que promove a reconexão com o corpo por meio da consciência do movimento."",""O método utiliza a atenção como sua principal ferramenta: um recurso simples, poderoso e acessível a todos. Ao direcioná-la para a experiência do movimento, ampliamos a percepção do corpo e abrimos espaço para novas possibilidades de organização corporal."",""Inspirado em mais de quatro décadas de estudos em dança, Educação Somática e meditação, o método reconhece o corpo como um sistema inteligente, integrado e em constante transformação. Em vez de buscar desempenho ou correção, propõe uma investigação sutil da experiência corporal, na qual importa menos o que se faz e mais como se faz."",""É dessa experiência de presença que nasce uma nova forma de perceber e habitar o corpo. Mas como essa transformação acontece na prática?""]},{""title"":""COMO ATUA?"",""content"":[""A prática do Biostretch convida você a desacelerar, relaxar o corpo e direcionar a atenção para movimentos simples e para as sensações que eles despertam."",""Nessa exploração, torna-se possível reconhecer padrões de tensão, hábitos de movimento e formas de organização corporal que costumam permanecer fora da nossa percepção por operarem de forma automática e inconsciente. A aparente simplicidade da prática revela um trabalho profundo de escuta, percepção e reorganização."",""Ao serem realizados de forma lenta, suave e sem esforço, os exercícios favorecem um estado de equilíbrio no sistema nervoso, responsável por coordenar a comunicação entre corpo e mente e regular as funções do organismo. Nesse estado, o corpo encontra espaço para liberar tensões, reorganizar-se e recuperar a fluidez natural do movimento."",""Mais do que ensinar novos movimentos, o Biostretch fortalece a confiança na inteligência inata do corpo e convida a redescobrir o prazer de mover-se com liberdade, presença e consciência. O melhor é que essa experiência está ao alcance de qualquer pessoa.""]},{""title"":""QUEM PODE PRATICAR?"",""content"":[""O Biostretch pode ser praticado por pessoas de todas as idades e diferentes níveis de experiência, condicionamento físico ou mobilidade."",""A prática respeita a individualidade de cada corpo. Não existe um movimento ideal a ser alcançado nem um padrão externo a ser seguido. Cada pessoa explora as sequências dentro de seus próprios limites e possibilidades, no seu próprio ritmo."",""Em vez de adaptar o corpo a um modelo, o Biostretch valoriza aquilo que cada pessoa já possui: sua capacidade de perceber, aprender e encontrar caminhos mais confortáveis e funcionais para o movimento. Assim, a prática fortalece a autonomia, a confiança e o prazer de habitar o próprio corpo."",""E o que essa prática pode transformar no dia a dia?""]},{""title"":""QUAIS OS BENEFÍCIOS?"",""content"":[""A prática regular do Biostretch contribui para aliviar tensões, ampliar a mobilidade, melhorar a postura e tornar os movimentos mais leves, coordenados e confortáveis. Com o tempo, o corpo recupera a fluidez e eficiência, tornando as atividades do dia a dia mais fáceis e prazerosas."",""Ao favorecer o equilíbrio do sistema nervoso, a prática também ajuda a reduzir os efeitos do estresse, melhorar a qualidade da respiração e aliviar dores e desconfortos associados à tensão muscular, especialmente em regiões como pescoço, ombros e costas. Além disso, contribui para prevenir lesões relacionadas a padrões repetitivos e ao uso excessivo do corpo."",""Com o tempo, essas mudanças se estendem para além da prática e passam a fazer parte da maneira como nos movemos, percebemos e utilizamos o corpo no dia a dia.""]}]","[{""title"":""O QUE É O BIOSTRETCH?"",""content"":[""Biostretch é um sistema de exercícios que promove a reconexão com o corpo por meio da consciência do movimento."",""O método utiliza a atenção como sua principal ferramenta: um recurso simples, poderoso e acessível a todos. Ao direcioná-la para a experiência do movimento, ampliamos a percepção do corpo e abrimos espaço para novas possibilidades de organização corporal."",""Inspirado em mais de quatro décadas de estudos em dança, Educação Somática e meditação, o método reconhece o corpo como um sistema inteligente, integrado e em constante transformação. Em vez de buscar desempenho ou correção, propõe uma investigação sutil da experiência corporal, na qual importa menos o que se faz e mais como se faz."",""É dessa experiência de presença que nasce uma nova forma de perceber e habitar o corpo. Mas como essa transformação acontece na prática?""]},{""title"":""COMO ATUA?"",""content"":[""A prática do Biostretch convida você a desacelerar, relaxar o corpo e direcionar a atenção para movimentos simples e para as sensações que eles despertam."",""Nessa exploração, torna-se possível reconhecer padrões de tensão, hábitos de movimento e formas de organização corporal que costumam permanecer fora da nossa percepção por operarem de forma automática e inconsciente. A aparente simplicidade da prática revela um trabalho profundo de escuta, percepção e reorganização."",""Ao serem realizados de forma lenta, suave e sem esforço, os exercícios favorecem um estado de equilíbrio no sistema nervoso, responsável por coordenar a comunicação entre corpo e mente e regular as funções do organismo. Nesse estado, o corpo encontra espaço para liberar tensões, reorganizar-se e recuperar a fluidez natural do movimento."",""Mais do que ensinar novos movimentos, o Biostretch fortalece a confiança na inteligência inata do corpo e convida a redescobrir o prazer de mover-se com liberdade, presença e consciência. O melhor é que essa experiência está ao alcance de qualquer pessoa.""]},{""title"":""QUEM PODE PRATICAR?"",""content"":[""O Biostretch pode ser praticado por pessoas de todas as idades e diferentes níveis de experiência, condicionamento físico ou mobilidade."",""A prática respeita a individualidade de cada corpo. Não existe um movimento ideal a ser alcançado nem um padrão externo a ser seguido. Cada pessoa explora as sequências dentro de seus próprios limites e possibilidades, no seu próprio ritmo."",""Em vez de adaptar o corpo a um modelo, o Biostretch valoriza aquilo que cada pessoa já possui: sua capacidade de perceber, aprender e encontrar caminhos mais confortáveis e funcionais para o movimento. Assim, a prática fortalece a autonomia, a confiança e o prazer de habitar o próprio corpo."",""E o que essa prática pode transformar no dia a dia?""]},{""title"":""QUAIS OS BENEFÍCIOS?"",""content"":[""A prática regular do Biostretch contribui para aliviar tensões, ampliar a mobilidade, melhorar a postura e tornar os movimentos mais leves, coordenados e confortáveis. Com o tempo, o corpo recupera a fluidez e eficiência, tornando as atividades do dia a dia mais fáceis e prazerosas."",""Ao favorecer o equilíbrio do sistema nervoso, a prática também ajuda a reduzir os efeitos do estresse, melhorar a qualidade da respiração e aliviar dores e desconfortos associados à tensão muscular, especialmente em regiões como pescoço, ombros e costas. Além disso, contribui para prevenir lesões relacionadas a padrões repetitivos e ao uso excessivo do corpo."",""Com o tempo, essas mudanças se estendem para além da prática e passam a fazer parte da maneira como nos movemos, percebemos e utilizamos o corpo no dia a dia.""]}]"
programs.biostretch.regularClasses.description,"Prática contínua presencial para manutenção do bem-estar.","Continuous in-person practice to maintain well-being.","Kontinuerlig fysisk praksis for å opprettholde velvære."
programs.biostretch.regularClasses.title,"Aulas Regulares","Regular Classes","Faste Timer"
programs.biostretch.subtitle,"Ser forte é ser flexível.","Four decades of research into movement.","Fire tiår med forskning på bevegelse."
programs.biostretch.title,"Biostretch","Biostretch","Biostretch"
programs.biostretch.workshops.alongar-respirar-e-meditar.fullDescription,"Estamos quase sempre ocupados com alguma coisa. Mas estar ocupado não significa, necessariamente, estar presente.
Nosso corpo e nossa mente se acostumaram ao movimento, à ação e aos estímulos constantes. Por isso, simplesmente sentar, ficar em silêncio e estar presente pode ser um desafio.
Vamos primeiro criar condições para que o corpo encontre conforto e quietude.
No workshop Alongar, Respirar e Meditar, vamos explorar movimentos suaves para liberar as articulações e tensões desnecessárias. Vamos buscar pontos de apoio que nos permitam sentar com mais conforto e estabilidade, mantendo a coluna ereta sem rigidez.
A respiração será nossa âncora enquanto o corpo e a mente desaceleram. Sem forçar. Sem tentar alcançar mais do que o corpo permite, apenas percebendo como o corpo está no momento.
Sem precisar alcançar nada. Sem precisar fazer nada. Apenas criando espaço para a meditação acontecer.","We are almost always busy with something. But being busy does not necessarily mean being present.
Our body and mind have grown accustomed to movement, action, and constant stimuli. Therefore, simply sitting, being quiet, and being present can be a challenge.
Let's first create conditions for the body to find comfort and stillness.
In the Stretch, Breathe, and Meditate workshop, we will explore gentle movements to release joints and unnecessary tension. We will seek points of support that allow us to sit with more comfort and stability, keeping the spine upright without rigidity.
The breath will be our anchor as the body and mind slow down. Without forcing. Without trying to reach beyond what the body allows, just noticing how the body is in the moment.
Without needing to achieve anything. Without needing to do anything. Just creating space for meditation to happen.","Vi er nesten alltid opptatt med noe. Men å være opptatt betyr ikke nødvendigvis å være til stede.
Kroppen og sinnet vårt har vent seg til bevegelse, handling og konstante stimuli. Derfor kan det å bare sitte, være stille og være til stede være en utfordring.
La oss først skape betingelser for at kroppen kan finne komfort og stillhet.
I workshopen Strekke, Puste og Meditere vil vi utforske milde bevegelser for å frigjøre ledd og unødvendig spenning. Vi vil søke støttepunkter som lar oss sitte med mer komfort og stabilitet, og holde ryggraden oppreist uten stivhet.
Pusten vil være vårt anker mens kroppen og sinnet roer seg ned. Uten å tvinge. Uten å prøve å nå lenger enn kroppen tillater, bare legge merke til hvordan kroppen er i øyeblikket.
Uten å måtte oppnå noe. Uten å måtte gjøre noe. Bare skape rom for at meditasjon kan skje."
programs.biostretch.workshops.alongar-respirar-e-meditar.shortDescription,"O que acontece quando o corpo e a mente simplesmente param? Vamos juntos preparar o corpo, encontrar a respiração e explorar um caminho para a meditação.","What happens when the body and mind simply stop? Let's prepare the body together, find the breath, and explore a path to meditation.","Hva skjer når kroppen og sinnet rett og slett stopper opp? La oss sammen forberede kroppen, finne pusten og utforske en vei til meditasjon."
programs.biostretch.workshops.alongar-respirar-e-meditar.title,"Alongar, Respirar e Meditar","Stretch, Breathe and Meditate","Strekk, Pust og Mediter"
programs.biostretch.workshops.aprendendo-a-relaxar.fullDescription,"Estar relaxado é nosso estado natural. Por isso, relaxar não é algo que possamos fazer, mas sim algo que podemos deixar acontecer liberando tensões e esforços que já não são necessários.
Quando o corpo se sente seguro e confortável, o relaxamento acontece naturalmente e podemos perceber melhor nossa respiração, nossos movimentos e os hábitos que influenciam a maneira como nos relacionamos com o próprio corpo.
​
No workshop Aprendendo a Relaxar, através de movimentos suaves e sem esforço, conectados com a respiração, vamos criar condições para que o corpo desacelere e o sistema nervoso encontre um estado de maior calma e restauração.
O relaxamento se torna, então, muito mais do que uma pausa. Ele pode ser um caminho para ampliar a consciência, perceber o que acontece dentro de nós e descobrir novas possibilidades de estar no mundo.
Mais calma por dentro. Mais presença, confiança e liberdade para encontrar o mundo lá fora.","Being relaxed is our natural state. Therefore, relaxing is not something we can do, but rather something we can let happen by releasing tension and effort that are no longer necessary.
When the body feels safe and comfortable, relaxation happens naturally, and we can better perceive our breathing, our movements, and the habits that influence how we relate to our own body.
​
In the Learning to Relax workshop, through gentle, effortless movements connected with the breath, we will create the conditions for the body to slow down and the nervous system to find a state of greater calm and restoration.
Relaxation then becomes much more than a pause. It can be a path to expand awareness, perceive what is happening inside us, and discover new possibilities of being in the world.
More calm on the inside. More presence, confidence, and freedom to meet the outside world.","Å være avslappet er vår naturlige tilstand. Derfor er ikke avslapning noe vi kan gjøre, men heller noe vi kan la skje ved å frigjøre spenning og anstrengelse som ikke lenger er nødvendig.
Når kroppen føler seg trygg og komfortabel, skjer avslapning naturlig, og vi kan bedre oppfatte pusten vår, bevegelsene våre og vanene som påvirker hvordan vi forholder oss til vår egen kropp.
​
I workshopen Å Lære Å Slappe Av, gjennom milde, uanstrengte bevegelser knyttet til pusten, vil vi skape betingelsene for at kroppen kan senke farten og nervesystemet finne en tilstand av større ro og gjenoppretting.
Avslapning blir da mye mer enn en pause. Det kan være en vei til å utvide bevisstheten, oppfatte hva som skjer inni oss, og oppdage nye muligheter for å være i verden.
Mer ro på innsiden. Mer tilstedeværelse, selvtillit og frihet til å møte verden utenfor."
programs.biostretch.workshops.aprendendo-a-relaxar.shortDescription,"E se relaxar não fosse algo que você precisa fazer? Descubra como liberar tensões desnecessárias e criar espaço para mais calma e presença.","What if relaxing wasn't something you have to do? Discover how to release unnecessary tension and create space for more calm and presence.","Hva om det å slappe av ikke var noe du må gjøre? Oppdag hvordan du frigjør unødvendig spenning og skaper rom for mer ro og tilstedeværelse."
programs.biostretch.workshops.aprendendo-a-relaxar.title,"Aprendendo a Relaxar","Learning to Relax","Å Lære Å Slappe Av"
programs.biostretch.workshops.movimentos-diarios-para-prevenir-o-stress.fullDescription,"O estresse é uma resposta natural do nosso organismo diante de situações que exigem adaptação.
A maneira como o nosso corpo responde ao estresse e retorna a um estado de equilíbrio, influencia nosso bem estar. Podemos permanecer por longos períodos acumulando tensão e esforço sem perceber. Com o tempo, isso pode afetar nossa energia, concentração, nosso sono, a capacidade de relaxar e nossa qualidade de vida.
No workshop Movimentos Diários para Prevenir o Estresse, vamos explorar movimentos que ajudam a perceber e liberar tensões acumuladas e direcionar a atenção para regiões do corpo que tendemos a manter contraídas.
Mais do que relaxar por alguns momentos, vamos aprender movimentos e estratégias simples que podem ser incorporados ao cotidiano, criando pequenas pausas para interromper o acúmulo de tensão e recuperar o equilíbrio.
Aprender a perceber o estresse no corpo é o primeiro passo para aprender a responder a ele de uma maneira diferente.","Stress is our body's natural response to situations that require adaptation.
The way our body responds to stress and returns to a state of balance influences our well-being. We can remain for long periods accumulating tension and effort without realizing it. Over time, this can affect our energy, concentration, our sleep, the ability to relax, and our quality of life.
In the Daily Movements to Prevent Stress workshop, we will explore movements that help perceive and release accumulated tension and direct attention to areas of the body we tend to hold tight.
More than just relaxing for a few moments, we will learn simple movements and strategies that can be incorporated into daily life, creating small pauses to interrupt the accumulation of tension and regain balance.
Learning to perceive stress in the body is the first step to learning to respond to it in a different way.","Stress er kroppens naturlige respons på situasjoner som krever tilpasning.
Måten kroppen vår reagerer på stress og returnerer til en tilstand av balanse påvirker vårt velvære. Vi kan forbli i lange perioder og samle opp spenning og anstrengelse uten å merke det. Over tid kan dette påvirke vår energi, konsentrasjon, vår søvn, evnen til å slappe av og vår livskvalitet.
I workshopen Daglige Bevegelser for å Forhindre Stress vil vi utforske bevegelser som bidrar til å oppfatte og frigjøre oppsamlet spenning og rette oppmerksomheten mot områder av kroppen vi har en tendens til å holde stramme.
Mer enn bare å slappe av i noen øyeblikk, vil vi lære enkle bevegelser og strategier som kan innlemmes i dagliglivet, og skape små pauser for å avbryte oppbyggingen av spenning og gjenvinne balansen.
Å lære å oppfatte stress i kroppen er det første skrittet til å lære å reagere på det på en annen måte."
programs.biostretch.workshops.movimentos-diarios-para-prevenir-o-stress.shortDescription,"E se alguns minutos de movimento pudessem mudar a maneira como você atravessa o seu dia? Aprenda movimentos simples para liberar tensões, recuperar o equilíbrio e desacelerar.","What if a few minutes of movement could change the way you go through your day? Learn simple movements to release tension, regain balance, and slow down.","Hva om noen få minutters bevegelse kunne endre måten du går gjennom dagen på? Lær enkle bevegelser for å frigjøre spenning, gjenvinne balansen og senke farten."
programs.biostretch.workshops.movimentos-diarios-para-prevenir-o-stress.title,"Movimentos Diários para Prevenir o Estresse","Daily Movements to Prevent Stress","Daglige Bevegelser for å Forhindre Stress"
programs.biostretch.workshops.recuperando-o-foco.fullDescription,"Nosso foco está sendo roubado. Notificações, redes sociais, e-mails, multitarefas. Vivemos sob uma avalanche constante de informações que fragmenta nossa atenção e nos afasta do momento presente.
Diante disso, é natural tentar recuperar a concentração com mais esforço: mais disciplina, mais controle, mais força de vontade. Mas a mente já está sobrecarregada. Exigir mais dela é como tentar esvaziar um copo cheio enchendo-o ainda mais.
O caminho é inverso.
Para recuperar a capacidade de foco, precisamos primeiro nos esvaziar. Liberar o acúmulo de tensão, de estímulos e de ruído que o corpo e a mente carregam sem perceber.
No workshop Recuperando o Foco, vamos usar movimentos suaves e sem esforço para criar um espaço interno de silêncio e segurança. Ao direcionar a atenção para o corpo e para a respiração, permitimos que o sistema nervoso desacelere e que a mente encontre, naturalmente, um estado de maior clareza.
Não se trata de treinar a concentração. Se trata de criar as condições para que ela se restaure por si mesma. Quando o corpo relaxa e a mente se esvazia, o foco ressurge como consequência de um estado de presença.
Recuperar o foco é, antes de tudo, recuperar a quietude.","Our focus is being stolen. Notifications, social media, emails, multitasking. We live under a constant avalanche of information that fragments our attention and pulls us away from the present moment.
Faced with this, it is natural to try to regain concentration with more effort: more discipline, more control, more willpower. But the mind is already overwhelmed. Demanding more of it is like trying to empty a full glass by pouring more into it.
The path is the opposite.
To regain the ability to focus, we must first empty ourselves. Release the accumulation of tension, stimuli, and noise that the body and mind carry without realizing it.
In the Regaining Focus workshop, we will use gentle, effortless movements to create an internal space of silence and safety. By directing attention to the body and breath, we allow the nervous system to slow down and the mind to naturally find a state of greater clarity.
It's not about training concentration. It's about creating the conditions for it to restore itself. When the body relaxes and the mind empties, focus re-emerges as a consequence of a state of presence.
Regaining focus is, above all, regaining stillness.","Vårt fokus blir stjålet. Varsler, sosiale medier, e-poster, multitasking. Vi lever under et konstant skred av informasjon som fragmenterer oppmerksomheten vår og trekker oss bort fra øyeblikket.
I møte med dette er det naturlig å prøve å gjenvinne konsentrasjonen med mer innsats: mer disiplin, mer kontroll, mer viljestyrke. Men sinnet er allerede overveldet. Å kreve mer av det er som å prøve å tømme et fullt glass ved å helle mer oppi.
Veien er den omvendte.
For å gjenvinne evnen til fokus, må vi først tømme oss selv. Frigjøre opphopningen av spenning, stimuli og støy som kroppen og sinnet bærer på uten å innse det.
I workshopen Gjenvinne Fokus vil vi bruke milde, uanstrengte bevegelser for å skape et internt rom av stillhet og trygghet. Ved å rette oppmerksomheten mot kroppen og pusten, lar vi nervesystemet senke farten og sinnet naturlig finne en tilstand av større klarhet.
Det handler ikke om å trene konsentrasjonen. Det handler om å skape betingelsene for at den kan gjenopprette seg selv. Når kroppen slapper av og sinnet tømmes, dukker fokuset opp igjen som en konsekvens av en tilstand av tilstedeværelse.
Å gjenvinne fokus er fremfor alt å gjenvinne stillheten."
programs.biostretch.workshops.recuperando-o-foco.shortDescription,"E se recuperar o foco começasse por esvaziar a mente? Descubra como o relaxamento e a atenção ao corpo podem restaurar sua capacidade de concentração.","What if regaining focus started with emptying the mind? Discover how relaxation and attention to the body can restore your ability to concentrate.","Hva om det å gjenvinne fokus startet med å tømme sinnet? Oppdag hvordan avslapning og oppmerksomhet på kroppen kan gjenopprette evnen din til å konsentrere deg."
programs.biostretch.workshops.recuperando-o-foco.title,"Recuperando o Foco","Regaining Focus","Å Gjenvinne Fokus"
programs.biostretch.workshops.transformando-habitos.fullDescription,"Grande parte do que fazemos todos os dias acontece automaticamente. São hábitos e padrões de movimento que aprendemos ao longo da vida e que influenciam nossa postura, a maneira como nos movemos e até como nos sentimos.
Os hábitos são importantes. Com eles, é possível realizar tarefas sem precisar reaprender a fazê-las a cada vez. Mas alguns padrões que um dia foram úteis podem, com o tempo, tornar-se limitantes, criando tensões, desconfortos e esforços desnecessários.
No workshop Transformando Hábitos, vamos reconhecer esses padrões e experimentar novas possibilidades de movimento. Ao ampliar nossa percepção, surgem novos caminhos de movimento antes nunca usados.
Um hábito não precisa simplesmente ser eliminado. Podemos transformá-lo, oferecendo ao corpo novas opções e permitindo que ele descubra maneiras mais fáceis, prazerosas e eficientes de se mover.
Mais percepção. Mais possibilidades. Mais liberdade para escolher como se mover.","Much of what we do every day happens automatically. These are habits and movement patterns we've learned throughout life that influence our posture, how we move, and even how we feel.
Habits are important. With them, it is possible to perform tasks without having to relearn how to do them every time. But some patterns that were once useful can over time become limiting, creating tension, discomfort, and unnecessary effort.
In the Transforming Habits workshop, we will recognize these patterns and experience new movement possibilities. By expanding our perception, new paths of movement emerge that were previously unused.
A habit does not simply need to be eliminated. We can transform it, offering the body new options and allowing it to discover easier, more pleasurable, and more efficient ways to move.
More perception. More possibilities. More freedom to choose how to move.","Mye av det vi gjør hver dag skjer automatisk. Dette er vaner og bevegelsesmønstre vi har lært gjennom livet som påvirker holdningen vår, hvordan vi beveger oss, og til og med hvordan vi føler oss.
Vaner er viktige. Med dem er det mulig å utføre oppgaver uten å måtte lære å gjøre dem på nytt hver gang. Men noen mønstre som en gang var nyttige kan over tid bli begrensende, og skape spenning, ubehag og unødvendig anstrengelse.
I workshopen Å Transformere Vaner vil vi anerkjenne disse mønstrene og oppleve nye bevegelsesmuligheter. Ved å utvide vår oppfatning oppstår nye bevegelsesveier som tidligere ikke har vært brukt.
En vane trenger ikke bare å bli eliminert. Vi kan transformere den, og tilby kroppen nye alternativer og la den oppdage lettere, mer behagelige og mer effektive måter å bevege seg på.
Mer oppfatning. Flere muligheter. Mer frihet til å velge hvordan man skal bevege seg."
programs.biostretch.workshops.transformando-habitos.shortDescription,"Você escolhe como se move ou seus hábitos escolhem por você? Reconheça seus padrões de movimento e descubra novas possibilidades para se mover com mais liberdade, conforto e facilidade.","Do you choose how you move, or do your habits choose for you? Recognize your movement patterns and discover new possibilities to move with more freedom, comfort, and ease.","Velger du hvordan du beveger deg, eller velger vanene dine for deg? Gjenkjenn bevegelsesmønstrene dine og oppdag nye muligheter for å bevege deg med mer frihet, komfort og letthet."
programs.biostretch.workshops.transformando-habitos.title,"Transformando Hábitos","Transforming Habits","Å Transformere Vaner"
programs.biostretch.workshops.uma-melhor-postura.fullDescription,"Sua postura conta uma história. Ela reflete a maneira como você organiza o corpo, os hábitos que desenvolveu ao longo da vida e a forma como se relaciona com o ambiente ao seu redor.
Mais do que uma posição que devemos manter, a postura é uma organização dinâmica do corpo para se mover, se equilibrar e encontrar o mundo. Ela está presente em tudo o que fazemos e influencia nossa sensação de conforto, liberdade de movimento, apoio e bem-estar.
Nosso esqueleto e nossa musculatura possuem uma incrível capacidade de nos sustentar contra a gravidade e, ao mesmo tempo, permitir movimento e adaptação. Porém, ao longo do tempo, podemos desenvolver hábitos que aumentam o esforço necessário para nos manter de pé e nos mover, criando tensão, desconforto e limitações desnecessárias.
A postura não é, portanto, algo estático nem uma “posição correta” que precisamos controlar o tempo todo. As diferentes partes do corpo estão constantemente se relacionando e ajustando entre si. Existe uma conversa contínua entre músculos, ossos, respiração, equilíbrio e movimento.
É essa inteligência inata do corpo que nos permite encontrar equilíbrio e suporte.
No workshop Uma Melhor Postura, você terá a oportunidade de reconhecer padrões posturais habituais e explorar novas possibilidades de organização do corpo. Através da percepção e do movimento, podemos reduzir esforços desnecessários e descobrir maneiras mais eficazes, confortáveis e naturais de nos sustentar.
Uma postura saudável não é rígida. Ela é estável e, ao mesmo tempo, flexível. É a sensação de estar apoiado, de encontrar a verticalidade sem esforço excessivo e de poder se mover com mais facilidade, liberdade e presença.","Your posture tells a story. It reflects the way you organize your body, the habits you've developed over a lifetime, and how you relate to the environment around you.
More than a position we must hold, posture is a dynamic organization of the body to move, balance, and meet the world. It is present in everything we do and influences our sense of comfort, freedom of movement, support, and well-being.
Our skeleton and musculature have an incredible capacity to support us against gravity while allowing for movement and adaptation. However, over time, we can develop habits that increase the effort needed to stay upright, generating unnecessary tensions and pain.
In the A Better Posture workshop, we will explore simple and gentle movements that help recognize these habits and release accumulated tensions.
As the body discovers new ways to organize itself, it finds more efficient and comfortable support. A better posture emerges naturally, without effort or rigidity, allowing you to move with more freedom and ease.
Less effort to stay upright. More comfort and freedom to move.","Holdningen din forteller en historie. Den reflekterer måten du organiserer kroppen din på, vanene du har utviklet gjennom livet, og hvordan du forholder deg til miljøet rundt deg.
Mer enn bare en posisjon vi må opprettholde, er holdning en dynamisk organisering av kroppen for å bevege seg, balansere og møte verden. Den er til stede i alt vi gjør og påvirker vår følelse av komfort, bevegelsesfrihet, støtte og velvære.
Skjelettet og muskulaturen vår har en utrolig kapasitet til å støtte oss mot tyngdekraften, samtidig som det tillater bevegelse og tilpasning. Imidlertid kan vi over tid utvikle vaner som øker anstrengelsen som trengs for å holde oss oppreist, noe som skaper unødvendige spenninger og smerter.
I workshopen En Bedre Holdning vil vi utforske enkle og milde bevegelser som hjelper til med å gjenkjenne disse vanene og frigjøre oppsamlede spenninger.
Når kroppen oppdager nye måter å organisere seg på, finner den en mer effektiv og komfortabel støtte. En bedre holdning vokser frem naturlig, uten anstrengelse eller stivhet, noe som lar deg bevege deg med mer frihet og letthet.
Mindre innsats for å holde seg oppreist. Mer komfort og frihet til å bevege seg."
programs.biostretch.workshops.uma-melhor-postura.shortDescription,"E se você pudesse melhorar sua postura sem tentar “corrigir” seu corpo? Experimente uma nova relação com seu corpo, com mais apoio, liberdade e facilidade para se mover.","What if you could improve your posture without trying to ""fix"" your body? Experience a new relationship with your body, with more support, freedom, and ease to move.","Hva om du kunne forbedre holdningen din uten å prøve å ""fikse"" kroppen din? Opplev et nytt forhold til kroppen din, med mer støtte, frihet og letthet i bevegelse."
programs.biostretch.workshops.uma-melhor-postura.title,"Uma Melhor Postura","A Better Posture","En Bedre Holdning"
programs.kroppsskole.description,"Uma abordagem integrada para o corpo e o movimento.","Uma abordagem integrada para o corpo e o movimento.","Uma abordagem integrada para o corpo e o movimento."
programs.kroppsskole.philosophy,"[]","[]","[]"
programs.kroppsskole.philosophy_data.b1_p1,"Antes de pensarmos, o corpo já sente. Antes de falarmos, ele já comunica. Antes de entendermos, ele já sabe.","Before we think, the body already feels. Before we speak, it already communicates. Before we understand, it already knows.","Før vi tenker, føler kroppen allerede. Før vi snakker, kommuniserer den allerede. Før vi forstår, vet den allerede."
programs.kroppsskole.philosophy_data.b1_p2,"Kroppsskole nasce dessa percepção. Uma escola para aprender com o corpo, sobre o corpo, através do corpo. Aqui, exploramos uma inteligência que mora no gesto, na postura, na respiração. Ela sente, percebe, ajusta e lembra.","Kroppsskole is born from this perception. A school to learn with the body, about the body, through the body. Here, we explore an intelligence that lives in gesture, posture, and breath. It feels, perceives, adjusts, and remembers.","Kroppsskole er født ut av denne oppfatningen. En skole for å lære med kroppen, om kroppen, gjennom kroppen. Her utforsker vi en intelligens som bor i bevegelse, holdning og pust. Den føler, oppfatter, justerer og husker."
programs.kroppsskole.philosophy_data.b2_p1,"Convidamos diferentes facilitadores, práticas e saberes para criar experiências que nos reconectem com essa inteligência. Aulas, cursos, vivências e encontros que exploram o movimento, o toque, a respiração, a expressão e a presença.","We invite different facilitators, practices, and knowledge to create experiences that reconnect us with this intelligence. Classes, courses, immersions, and gatherings that explore movement, touch, breath, expression, and presence.","Vi inviterer forskjellige tilretteleggere, praksiser og kunnskap for å skape opplevelser som kobler oss tilbake til denne intelligensen. Klasser, kurs, innlevelser og samlinger som utforsker bevegelse, berøring, pust, uttrykk og tilstedeværelse."
programs.kroppsskole.philosophy_data.b2_p2,"Acolhemos corpos, histórias e formas de expressão diversas. Quanto mais diverso o olhar sobre o corpo, mais possibilidades temos de compreendê-lo.","We welcome diverse bodies, histories, and forms of expression. The more diverse the perspective on the body, the more possibilities we have to understand it.","Vi ønsker mangfoldige kropper, historier og uttrykksformer velkommen. Jo mer mangfoldig perspektivet på kroppen er, desto flere muligheter har vi til å forstå den."
programs.kroppsskole.philosophy_data.b3_p1,"A saúde emocional e o bem-estar profundo amadurecem quando cuidamos da base. Quando respiramos melhor, caminhamos diferente e sentimos com mais clareza, algo muda na forma como estamos no mundo. A mudança começa no corpo e se irradia para tudo o que somos.","Emotional health and deep well-being mature when we care for the foundation. When we breathe better, walk differently, and feel with more clarity, something shifts in how we are in the world. The change starts in the body and radiates to all that we are.","Emosjonell helse og dyp velvære modnes når vi tar vare på grunnlaget. Når vi puster bedre, går annerledes og føler med mer klarhet, endres noe i hvordan vi er i verden. Forandringen starter i kroppen og stråler ut til alt vi er."
programs.kroppsskole.philosophy_data.b3_p2,"Kroppsskole é o espaço para esse processo. Um lugar onde conhecimento e experiência se encontram. Onde podemos experimentar sem precisar acertar. Onde uma pequena mudança no corpo pode transformar a forma como vivemos.","Kroppsskole is a space for this process. A place where knowledge and experience meet. Where we can experiment without needing to be right. Where a small change in the body can transform how we live.","Kroppsskole er et rom for denne prosessen. Et sted der kunnskap og erfaring møtes. Hvor vi kan eksperimentere uten å måtte ha rett. Hvor en liten endring i kroppen kan forandre hvordan vi lever."
programs.kroppsskole.philosophy_data.closing,"""Através do corpo, nos preparamos para ir além.""","""Through the body, we prepare to go beyond.""","""Gjennom kroppen forbereder vi oss på å gå videre."""
programs.kroppsskole.philosophy_data.hook,"""Para voar, precisamos ter raízes.""","""To fly, we must have roots.""","""For å fly, må vi ha røtter."""
programs.kroppsskole.philosophy_data.quote1,"""Existe um saber que o corpo carrega e que a mente ainda não traduziu.""","""There is a knowledge that the body carries and the mind has not yet translated.""","""Det er en kunnskap som kroppen bærer, og som sinnet ennå ikke har oversatt."""
programs.kroppsskole.philosophy_data.quote2,"""O corpo é o alicerce. Dele nascem o equilíbrio, a presença e a transformação.""","""The body is the foundation. From it, balance, presence, and transformation arise.""","""Kroppen er grunnlaget. Fra den oppstår balanse, tilstedeværelse og transformasjon."""
programs.kroppsskole.philosophy_data.subtitle,"Através do corpo e além","Through the body and beyond","Gjennom kroppen og videre"
programs.kroppsskole.subtitle,"","",""
programs.kroppsskole.title,"Kroppsskole","Kroppsskole","Kroppsskole"
proto.1.desc,"O corpo guarda o que a palavra não alcança expressar. Nos workshops, o movimento torna-se linguagem e cria um espaço onde ritmo, presença e improvisação libertam o que esteve contido.","The body holds what words cannot express. In the workshops, movement becomes a language and creates a space where rhythm, presence and improvisation set free what has been held back.","Kroppen bevarer det som ordene ikke klarer å uttrykke. I workshopene blir bevegelsen til et språk og skaper et rom der rytme, nærvær og improvisasjon frigjør det som har vært holdt tilbake."
proto.1.kicker,"O ponto de partida","The starting point","Startpunktet"
proto.1.title,"Expressão","Expression","Uttrykk"
proto.2.desc,"Escutar o corpo é um ato político. As práticas de movimento consciente ampliam a percepção, reorganizam padrões físicos e devolvem às pessoas a autoria sobre si mesmas.","Listening to the body is a political act. Conscious movement practices expand perception, reorganize physical patterns and return to people the authorship over themselves.","Å lytte til kroppen er en politisk handling. Bevisste bevegelsespraksiser utvider oppfatningen, omorganiserer fysiske mønstre og gir folk forfatterskapet over seg selv tilbake."
proto.2.kicker,"O que o movimento cura","What movement heals","Hva bevegelse helbreder"
proto.2.title,"Bem-estar","Well-being","Velvære"
proto.3.desc,"O movimento é matéria-prima. Da dança nasce a coreografia, do silêncio nasce o gesto, do encontro nasce a obra. A arte é o que acontece quando o corpo tem liberdade para se expressar.","Movement is raw material. From dance choreography is born, from silence the gesture is born, from the encounter the work is born. Art is what happens when the body has the freedom to express itself.","Bevegelse er råmateriale. Fra dans blir koreografi født, fra stillhet blir gesten født, fra møtet blir verket født. Kunst er det som skjer når kroppen har frihet til å uttrykke seg."
proto.3.kicker,"O que o corpo inventa","What the body invents","Hva kroppen finner opp"
proto.3.title,"Criação","Creation","Skapelse"
proto.4.desc,"Quando pessoas se movem juntas, algo muda. A dança atravessa muros, cria vínculos e abre espaço para uma transformação que começa no corpo e reverbera na rua, no bairro, na cidade.","When people move together, something changes. Dance crosses walls, creates bonds and opens space for a transformation that begins in the body and reverberates on the street, in the neighborhood, in the city.","Når folk beveger seg sammen, endres noe. Dans krysser vegger, skaper bånd og åpner rom for en transformasjon som begynner i kroppen og gir gjenlyd på gaten, i nabolaget i byen."
proto.4.kicker,"O que fica na comunidade","What remains in the community","Hva som forblir i samfunnet"
proto.4.title,"Transformação","Transformation","Transformasjon"
regular_classes.block1.p1,"Um único encontro pode trazer um insight, uma sensação nova, um espaço inesperado de alívio ou uma percepção sobre o corpo que antes não estava ali. Às vezes, basta uma experiência para alguma coisa começar a mudar.","A single encounter can bring an insight, a new sensation, an unexpected space of relief, or a perception of the body that was not there before. Sometimes, a single experience is enough for something to begin to shift.","Et enkelt møte kan gi en innsikt, en ny fornemmelse, et uventet pusterom eller en opplevelse av kroppen som ikke var der før. Noen ganger er én erfaring nok til at noe begynner å endre seg."
regular_classes.block1.p2,"Mas uma transformação profunda raramente acontece de uma só vez. O corpo precisa de tempo para assimilar, experimentar, reorganizar e integrar aquilo que vivenciamos.","But deep transformation rarely happens all at once. The body needs time to assimilate, experiment, reorganize, and integrate what we experience.","Men en dyp forandring skjer sjelden på én gang. Kroppen trenger tid til å fordøye, utforske, omorganisere og integrere det vi opplever."
regular_classes.block2.kicker,"CONSCIÊNCIA EM MOVIMENTO","AWARENESS IN MOTION","BEVISSTHET I BEVEGELSE"
regular_classes.block2.p1,"É por isso que o Biostretch não é pensado como uma aula isolada, mas como um processo contínuo de investigação.","This is why Biostretch is not conceived as an isolated class, but as an ongoing process of investigation.","Det er derfor Biostretch ikke er tenkt som en enkeltstående time, men som en kontinuerlig utforskningsprosess."
regular_classes.block2.p2,"A cada encontro, voltamos ao corpo com um pouco mais de consciência. Revisitamos movimentos, sensações e padrões. Descobrimos novas possibilidades e começamos, pouco a pouco, a reconhecer aquilo que antes passava despercebido.","With each session, we return to the body with a little more awareness. We revisit movements, sensations, and patterns. We discover new possibilities and begin, step by step, to recognize what previously went unnoticed.","Ved hvert møte vender vi tilbake til kroppen med litt mer oppmerksomhet. Vi gjenoppdager bevegelser, fornemmelser og mønstre. Vi oppdager nye muligheter og begynner, litt etter litt, å gjenkjenne det som tidligere gikk ubemerket hen."
regular_classes.block2.p3,"Não se trata de fazer mais, nem de forçar uma mudança. Trata-se de criar espaço para que ela aconteça.","It is not about doing more, nor forcing a change. It is about creating space for it to happen.","Det handler ikke om å gjøre mer, eller å tvinge frem en endring. Det handler om å skape rom for at den kan skje."
regular_classes.block2.p4,"Com o tempo, o que numa primeira aula parecia apenas uma sensação sutil começa a tornar-se familiar. O que era difícil de perceber torna-se mais claro. O movimento ganha novas possibilidades, a respiração encontra mais espaço e o corpo passa a responder de outra maneira.","Over time, what seemed like merely a subtle sensation in a first class begins to become familiar. What was difficult to perceive becomes clearer. Movement gains new possibilities, breathing finds more room, and the body begins to respond in a different way.","Med tiden begynner det som i en første time bare virket som en flyktig følelse å bli fortrolig. Det som var vanskelig å legge merke til, blir klarere. Bevegelsen får nye nyanser, pusten finner mer plass, og kroppen begynner å respondere annerledes."
regular_classes.block3.kicker,"A CONVERSA DO CORPO","THE BODY'S DIALOGUE","KROPPENS SAMTALE"
regular_classes.block3.p1,"Cada encontro é parte de uma conversa que o corpo vai construindo consigo mesmo.","Each session is part of a conversation that the body builds with itself.","Hvert møte er en del av en samtale kroppen bygger med seg selv."
regular_classes.block3.p2,"E talvez seja aí que resida a verdadeira potência do Biostretch: não numa grande transformação de um dia para o outro, mas nas pequenas mudanças que, repetidas e integradas ao longo do tempo, transformam a forma como habitamos o nosso próprio corpo.","And perhaps that is where the true power of Biostretch lies: not in an overnight transformation, but in the small shifts that, repeated and integrated over time, transform how we inhabit our own body.","Og kanskje er det nettopp der Biostretch har sin virkelige styrke: ikke i en brå forandring over natten, men i de små justeringene som, gjentatt og integrert over tid, forandrer måten vi bebor vår egen kropp på."
regular_classes.closing,"Porque o corpo não precisa apenas de estímulo.
Precisa de tempo para aprender.","Because the body does not only need stimulation.
It needs time to learn.","Fordi kroppen ikke bare trenger stimulering.
Den trenger tid til å lære."
regular_classes.cta.button,"Ver agenda & horários","View schedule & times","Se timeplan og tider"
regular_classes.cta.text,"Consulte os horários das turmas e reserve seu lugar na prática regular presencial.","Check class schedules and reserve your spot for regular in-person practice.","Se timeplanen og sikre deg plass på den faste fysiske praksisen."
regular_classes.cta.title,"Venha praticar com continuidade","Practice with continuity","Bli med på faste timer"
regular_classes.duration,"90 min","90 min","90 min"
regular_classes.format,"Presencial","In-person","Fysisk oppmøte"
regular_classes.hook,"Uma única aula de Biostretch pode abrir muitas portas.","A single Biostretch class can open many doors.","En enkelt Biostretch-time kan åpne mange dører."
regular_classes.kicker,"PRÁTICA CONTÍNUA","CONTINUOUS PRACTICE","KONTINUERLIG PRAKSIS"
regular_classes.pullQuote1,"É na regularidade que o corpo começa a aprender.","It is in regularity that the body begins to learn.","Det er i regelmessigheten at kroppen begynner å lære."
regular_classes.pullQuote2,"Uma aula pode despertar. A continuidade permite aprofundar.","A single class can awaken. Continuity allows deepening.","En time kan vekke. Kontinuiteten lar oss gå i dybden."
regular_classes.subtitle,"O valor do trabalho continuado.","The value of ongoing work.","Verdien av et kontinuerlig arbeid."
regular_classes.title,"Aulas Regulares","Regular Classes","Faste Timer"
social_page.context.kicker,"A proposta","The proposition","Forslaget"
social_page.context.p1,"Gamle Oslo é um bairro de contrastes — diversidade, história e riqueza cultural convivem com desigualdades de acesso a serviços e atividades de qualidade. É exatamente esse contexto que nos chama a agir.","Gamle Oslo is a neighbourhood of contrasts — diversity, history and cultural richness coexist with inequalities in access to quality services and activities. This is exactly the context that calls us to act.","Gamle Oslo er et nabolag fylt av kontraster — mangfold, historie og kulturell rikdom eksisterer side om side med ulikhet i tilgang til kvalitetstjenester og aktiviteter. Det er nettopp denne sammenhengen som kaller oss til handling."
social_page.context.p2,"O Dance2Dance nasce nesse território com uma missão clara: que a dança, a expressão corporal e o bem-estar não sejam privilégio de quem pode pagar. Cada workshop que desenvolvemos tem a mesma qualidade, o mesmo cuidado e a mesma intenção — independentemente de quem está na sala.","Dance2Dance is born in this territory with a clear mission: that dance, movement and well-being should not be a privilege for those who can pay. Every workshop we develop carries the same quality, the same care and the same intention — regardless of who is in the room.","Dance2Dance fødes i dette territoriet med et tydelig oppdrag: at dans, kroppsuttrykk og velvtære ikke skal være et privilegium for dem som kan betale. Hvert workshop vi utvikler har samme kvalitet, samme omsorg og samme intensjon — uavhengig av hvem som er i rommet."
social_page.context.quote,"O mesmo produto. A mesma qualidade. O mesmo valor. Para todos.","The same product. The same quality. The same value. For everyone.","Samme produkt. Samme kvalitet. Samme verdi. For alle."
social_page.context.title,"Por que Gamle Oslo?","Why Gamle Oslo?","Hvorfor Gamle Oslo?"
social_page.cta.btn1,"Quero ser parceiro","I want to be a partner","Jeg vil bli partner"
social_page.cta.btn2,"Falar com a equipe","Talk to the team","Snakk med teamet"
social_page.cta.desc,"Fundos, empresas e parceiros que chegam agora são parte da fundação — e da história — deste projeto. Entre em contato e descubra como fazer parte.","Funds, companies and partners who arrive now are part of the foundation — and the story — of this project. Get in touch and discover how to be part of it.","Fond, bedrifter og partnere som kommer nå er en del av grunnlaget — og historien — til dette prosjektet. Ta kontakt og finn ut hvordan du kan være en del av det."
social_page.cta.kicker,"Junte-se a nós","Join us","Bli med oss"
social_page.cta.title,"Apoie o que ainda está nascendo.","Support what is still being born.","Støtt det som ennå er i ferd med å bli til."
social_page.hero.kicker,"Projeto Social","Social Project","Sosialt Prosjekt"
social_page.hero.scroll,"Role para explorar","Scroll to explore","Rull ned for å utforske"
social_page.hero.subtitle,"Um modelo de acesso universal à cultura e ao movimento. Workshops de alto nível, gratuitos para moradores de Gamle Oslo — sustentados por múltiplas fontes de financiamento.","A model for universal access to culture and movement. Premium workshops, free for residents of Gamle Oslo — sustained by multiple funding sources.","En modell for universell tilgang til kultur og bevegelse. Premium workshops, gratis for beboere i Gamle Oslo — bæret av flere finansieringskilder."
social_page.hero.title_line1,"Arte que","Art that","Kunst som"
social_page.hero.title_line2,"pertence a todos.","belongs to everyone.","tilhører alle."
social_page.model.highlight,"Várias fontes. Uma missão.","Multiple sources. One mission.","Flere kilder. én misjon."
social_page.model.intro,"O Dance2Dance foi desenhado para não depender de uma única fonte. Nossa sustentabilidade nasce da combinação estratégica de múltiplos pilares — cada um essencial, nenhum suficiente sozinho.","Dance2Dance was designed not to rely on a single source. Our sustainability comes from the strategic combination of multiple pillars — each essential, none sufficient alone.","Dance2Dance er designet for å ikke støle på en enkelt kilde. Vår bærekraft kommer fra den strategiske kombinasjonen av flere pilarer — hver enkelt essensiell, ingen tilstrekkelig alene."
social_page.model.kicker,"Como nos sustentamos","How we sustain ourselves","Hvordan vi finansierer oss"
social_page.model.pillar1.desc,"Quem vem de fora de Gamle Oslo paga o valor real do workshop. Essa receita contribui diretamente para viabilizar o acesso gratuito aos moradores locais.","Those who come from outside Gamle Oslo pay the real value of the workshop. This revenue directly contributes to enabling free access for local residents.","De som kommer fra utenfor Gamle Oslo betaler den reelle verdien av workshopen. Denne inntekten bidrar direkte til å muliggjøre gratis tilgang for lokale beboere."
social_page.model.pillar1.title,"Participantes pagantes","Paying participants","Betalende deltakere"
social_page.model.pillar2.desc,"Empresas privadas que desejam associar sua marca a impacto social real e cultura de qualidade encontram no Dance2Dance um parceiro com proposito e visibilidade.","Private companies wishing to associate their brand with real social impact and quality culture find in Dance2Dance a purposeful and visible partner.","Private bedrifter som ønsker å assosiere merkevaren sin med ekte sosial påvirkning og kvalitetskultur finner i Dance2Dance en partner med formål og synlighet."
social_page.model.pillar2.title,"Empresas e patrocinadores","Companies & sponsors","Bedrifter og sponsorer"
social_page.model.pillar3.desc,"O projeto alinha-se com políticas públicas de inclusão cultural e comunitária, tornando-o elegivel para apoio de fundos culturais e da municipalidade de Oslo.","The project aligns with public policies on cultural and community inclusion, making it eligible for support from cultural funds and the City of Oslo.","Prosjektet er i tråd med offentlig politikk for kulturell og lokalsamfunnsmessig inkludering, noe som gjør det støtteberettiget fra kulturmidler og Oslo kommune."
social_page.model.pillar3.title,"Fundos públicos e municipalidade","Public funds & municipality","Offentlige midler og kommunen"
social_page.model.pillar4.desc,"Pessoas que acreditam no poder da arte como transformação social podem apoiar de forma direta, fazendo parte da história desde o início.","People who believe in the power of art as social transformation can support directly, becoming part of the story from the very beginning.","Mennesker som tror på kunstens kraft som sosial transformasjon kan støtte direkte, og bli en del av historien helt fra begynnelsen."
social_page.model.pillar4.title,"Financiadores individuais","Individual donors","Individuelle givere"
social_page.model.summary,"A diversificação das fontes de receita é intencional: ela garante que o projeto não dependa de nenhuma entidade única, tornando-o mais resistente e escalavel ao longo do tempo.","The diversification of revenue sources is intentional: it ensures the project does not depend on any single entity, making it more resilient and scalable over time.","Diversifiseringen av inntektskilder er tilsiktet: den sikrer at prosjektet ikke er avhengig av noen enkelt enhet, og gjør det mer motstandsdyktig og skalerbart over tid."
social_page.model.title,"Um ecossistema de apoio.","An ecosystem of support.","Et økosystem av støtte."
social_page.partners.desc,"O Dance2Dance não age sozinho. Trabalhamos em rede com organizações que compartilham da convicção de que a arte transforma e que o acesso à cultura é um direito.","Dance2Dance does not act alone. We work in network with organisations that share the conviction that art transforms and that access to culture is a right.","Dance2Dance handler ikke alene. Vi jobber i nettverk med organisasjoner som deler overbevisningen om at kunst forvandler og at tilgang til kultur er en rettighet."
social_page.partners.kicker,"Quem está conosco","Who is with us","Hvem er med oss"
social_page.partners.title,"Parceiros que constroem junto.","Partners who build together.","Partnere som bygger sammen."
social_page.value.free.desc,"Residentes da região têm acesso garantido e gratuito a todos os workshops. Sem listas de espera, sem distinção, sem menor qualidade.","Local residents have guaranteed, free access to all workshops. No waiting lists, no distinction, no lesser quality.","Lokale beboere har garantert, gratis tilgang til alle workshops. Ingen ventelister, ingen skiller, ingen lavere kvalitet."
social_page.value.free.label,"Moradores de Gamle Oslo","Gamle Oslo residents","Beboere i Gamle Oslo"
social_page.value.free.price,"Gratuito","Free","Gratis"
social_page.value.insight,"“O acesso gratuito com transparência de preço cria dignidade. A pessoa não recebe caridade — recebe a oportunidade de participar de algo que tem valor real.”","“Free access with price transparency creates dignity. The person is not receiving charity — they are receiving the opportunity to be part of something with real value.”","“Gratis tilgang med pristransparens skaper verdighet. Personen mottar ikke veldedighet — de mottar muligheten til å være en del av noe med ekte verdi.”"
social_page.value.kicker,"O valor do que oferecemos","The value of what we offer","Verdien av det vi tilbyr"
social_page.value.paid.desc,"Moradores de fora de Gamle Oslo participam mediante pagamento regular, com acesso à mesma experiência de qualidade premium.","Residents from outside Gamle Oslo participate at the regular rate, with access to the same premium quality experience.","Beboere utenfor Gamle Oslo deltar til vanlig pris, med tilgang til den samme premium-opplevelsen."
social_page.value.paid.label,"Participantes externos","External participants","Eksterne deltakere"
social_page.value.paid.price,"[XXX] NOK","[XXX] NOK","[XXX] NOK"
social_page.value.subtitle,"Quem recebe gratuitamente recebe exatamente o mesmo que quem paga. Tornamos o preço real visível porque valor percebido importa — tanto para quem apia quanto para quem participa.","Those who receive it for free receive exactly the same as those who pay. We make the real price visible because perceived value matters — for supporters and participants alike.","De som mottar det gratis, mottar nøyaktig det samme som de som betaler. Vi gjør den reelle prisen synlig fordi opplevd verdi betyr noe — for støttespillere og deltakere alike."
social_page.value.title,"Gratuito não significa sem valor.","Free does not mean without value.","Gratis betyr ikke uten verdi."
social_page_b2b.context.kicker,"Nosso Propósito","Our Purpose","Vårt formål"
social_page_b2b.context.p1,"Tøyen e Grønland respiram diversidade, mas também enfrentam barreiras visíveis de acesso à cultura. Onde muitos veem um desafio, nós vemos o terreno perfeito para plantar um novo modelo de integração social.","Tøyen and Grønland breathe diversity, but also face visible barriers to accessing culture. Where many see a challenge, we see the perfect ground to plant a new model of social integration.","Tøyen og Grønland puster mangfold, men møter også synlige barrierer for tilgang til kultur. Der mange ser en utfordring, ser vi det perfekte grunnlaget for å plante en ny modell for sosial integrering."
social_page_b2b.context.p2,"Com o respaldo técnico e a expertise de anos da Porto Alegre Cia de Dança, Dance2Dance oferece uma experiência estética e transformadora. Conhecimentos e práticas desenvolvidos ao longo de anos de experiência artística chegam agora à comunidade local por meio de workshops de dança, práticas de consciência corporal e experiências de integração social.","Backed by the technical expertise of Porto Alegre Cia de Dança, Dance2Dance offers an aesthetic and transformative experience. Knowledge and practices developed over years of artistic experience now reach the local community through dance workshops, body awareness practices, and social integration experiences.","Støttet av den tekniske ekspertisen til Porto Alegre Cia de Dança, tilbyr Dance2Dance en estetisk og transformerende opplevelse. Kunnskap og praksis utviklet over år med kunstnerisk erfaring når nå lokalsamfunnet gjennom danseworkshops, praksiser for kroppsbevissthet og sosiale integreringsopplevelser."
social_page_b2b.context.quote,"Excelência não é privilégio. É oportunidade.","Excellence is not a privilege. It is an opportunity.","Fremragende kvalitet er ikke et privilegium. Det er en mulighet."
social_page_b2b.context.title,"A arte de democratizar a excelência.","The art of democratizing excellence.","Kunsten å demokratisere fremragende kvalitet."
social_page_b2b.cta.btn1,"Agendar Reunião Executiva","Schedule Executive Meeting","Planlegg Ledermøte"
social_page_b2b.cta.btn2,"Baixar Pitch Deck Institucional","Download Institutional Pitch Deck","Last ned Institusjonell Pitch Deck"
social_page_b2b.cta.desc,"Estamos selecionando parceiros estratégicos para o ano de fundação do Dance2Dance. Empresas que se unem a nós agora garantem cotas de naming rights e liderança em impacto social em Oslo.","We are selecting strategic partners for Dance2Dance's founding year. Companies that join us now secure naming rights quotas and leadership in social impact in Oslo.","Vi velger ut strategiske partnere for Dance2Dances grunnleggingsår. Bedrifter som blir med oss nå sikrer navnerettigheter og lederskap innen sosial innvirkning i Oslo."
social_page_b2b.cta.kicker,"Seja um Founding Partner","Become a Founding Partner","Bli en Founding Partner"
social_page_b2b.cta.title,"Associe sua marca à transformação.","Associate your brand with transformation.","Knytt merkevaren din til transformasjon."
social_page_b2b.hero.badge,"Powered by","Powered by","Powered by"
social_page_b2b.hero.badge_brand,"Porto Alegre Cia de Dança","Porto Alegre Cia de Dança","Porto Alegre Cia de Dança"
social_page_b2b.hero.kicker,"Investimento de Impacto Social","Social Impact Investment","Sosial Investering"
social_page_b2b.hero.scroll,"Descubra o modelo","Discover the model","Oppdag modellen"
social_page_b2b.hero.subtitle,"A cultura não precisa ser um privilégio. Com a metodologia da Porto Alegre Cia de Dança, levamos workshops de nível internacional aos moradores de Tøyen e Grønland através de um modelo de financiamento plural, seguro e sustentável.","Culture doesn't have to be a privilege. With the methodology of Porto Alegre Cia de Dança, we bring world-class workshops to Tøyen and Grønland residents through a plural, secure, and sustainable financing model.","Kultur trenger ikke være et privilegium. Med metodikken fra Porto Alegre Cia de Dança bringer vi førsteklasses workshops til innbyggerne i Tøyen og Grønland gjennom en pluralistisk, sikker og bærekraftig finansieringsmodell."
social_page_b2b.hero.title_line1,"Excelência","Excellence","Fremragende"
social_page_b2b.hero.title_line2,"que transforma.","that transforms.","som transformerer."
social_page_b2b.model.highlight,"ESG na prática. Risco diluído.","ESG in practice. Diluted risk.","ESG i praksis. Utvannet risiko."
social_page_b2b.model.intro,"Investidores fogem de projetos dependentes de doadores únicos. O Dance2Dance foi arquitetado sobre 4 pilares de receita que garantem perenidade, segurança financeira e mitigação de riscos para todos os stakeholders.","Investors avoid projects dependent on single donors. Dance2Dance was built on 4 revenue pillars that guarantee longevity, financial security, and risk mitigation for all stakeholders.","Investorer unngår prosjekter som er avhengige av én enkelt donor. Dance2Dance ble bygget på 4 inntekts-pilarer som garanterer lang levetid, økonomisk sikkerhet og risikoreduksjon for alle interessenter."
social_page_b2b.model.kicker,"Governança e Sustentabilidade","Governance and Sustainability","Styring og Bærekraft"
social_page_b2b.model.pillar1.desc,"A venda de ingressos para participantes fora da zona de impacto cobre custos básicos e atesta a demanda pelo produto.","Ticket sales to participants outside the impact zone cover basic costs and attest to the product's demand.","Billettsalg til deltakere utenfor innvirkningssonen dekker grunnleggende kostnader og bekrefter etterspørselen etter produktet."
social_page_b2b.model.pillar1.title,"Receita Própria","Self Revenue","Egeninntekt"
social_page_b2b.model.pillar2.desc,"Patrocinadores corporativos que agregam o projeto aos seus relatórios de impacto ESG, ganhando visibilidade e equity social.","Corporate sponsors who add the project to their ESG impact reports, gaining visibility and social equity.","Bedriftssponsorer som legger prosjektet til sine ESG-rapporter, og oppnår synlighet og sosial egenkapital."
social_page_b2b.model.pillar2.title,"Marcas Visionárias","Visionary Brands","Visjonære Merkevarer"
social_page_b2b.model.pillar3.desc,"Alinhamento estratégico com políticas públicas e editais culturais do governo norueguês, validando o rigor institucional.","Strategic alignment with public policies and cultural grants from the Norwegian government, validating institutional rigor.","Strategisk tilpasning til offentlig politikk og kulturtilskudd fra den norske stat, noe som validerer institusjonell strenghet."
social_page_b2b.model.pillar3.title,"Fomento Público","Public Funding","Offentlig Støtte"
social_page_b2b.model.pillar4.desc,"Filantropos independentes que exigem métricas claras e apostam no poder transformador de práticas corporais e do acesso à cultura.","Independent philanthropists who demand clear metrics and bet on the transformative power of bodily practices and access to culture.","Uavhengige filantroper som krever klare beregninger og satser på den transformerende kraften i kroppslig praksis og tilgang til kultur."
social_page_b2b.model.pillar4.title,"Private Donors","Private Donors","Private Givere"
social_page_b2b.model.summary,"Um modelo antifrágil: se uma fonte oscila, a matriz financeira se reequilibra. Segurança máxima para quem investe, continuidade garantida para quem dança.","An antifragile model: if one source fluctuates, the financial matrix rebalances itself. Maximum security for investors, guaranteed continuity for dancers.","En antifragil modell: hvis én kilde svinger, balanserer den økonomiske matrisen seg selv. Maksimal sikkerhet for investorer, garantert kontinuitet for dansere."
social_page_b2b.model.title,"Ecossistema Financeiro.","Financial Ecosystem.","Økonomisk Økosystem."
social_page_b2b.partners.desc,"Dance2Dance não age sozinho. Trabalhamos em rede com organizações que compartilham da convicção de que a arte transforma e que o acesso à cultura é um direito.","Dance2Dance does not act alone. We work in a network with organizations that share the conviction that art transforms and that access to culture is a right.","Dance2Dance handler ikke alene. Vi jobber i et nettverk med organisasjoner som deler overbevisningen om at kunst forvandler og at tilgang til kultur er en rettighet."
social_page_b2b.partners.kicker,"Quem está conosco","Who is with us","Hvem er med oss"
social_page_b2b.partners.title,"Parceiros que constroem junto.","Partners who build together.","Partnere som bygger sammen."
social_page_b2b.value.free.desc,"Residentes recebem acesso irrestrito à mesma infraestrutura e professores, gerando dignidade e pertencimento.","Residents receive unrestricted access to the same infrastructure and teachers, generating dignity and belonging.","Innbyggere får ubegrenset tilgang til samme infrastruktur og lærere, noe som genererer verdighet og tilhørighet."
social_page_b2b.value.free.label,"Comunidade Local","Local Community","Lokalsamfunn"
social_page_b2b.value.free.price,"Acesso Garantido","Guaranteed Access","Garantert tilgang"
social_page_b2b.value.insight,"“Projetos sociais que não abrem mão do mais alto padrão de qualidade técnica atraem parceiros que exigem excelência em suas próprias marcas.”","“Social projects that do not compromise on the highest standards of technical quality attract partners who demand excellence in their own brands.”","“Sosiale prosjekter som ikke går på kompromiss med de høyeste standardene for teknisk kvalitet, tiltrekker seg partnere som krever fremragende kvalitet i sine egne merkevarer.”"
social_page_b2b.value.kicker,"Transparência B2B","B2B Transparency","B2B Transparens"
social_page_b2b.value.paid.desc,"Alunos regulares atestam a qualidade do serviço e injetam receita que retroalimenta o impacto social.","Regular students attest to the quality of the service and inject revenue that fuels the social impact.","Regulære studenter bekrefter kvaliteten på tjenesten og tilfører inntekter som driver den sosiale innvirkningen."
social_page_b2b.value.paid.label,"Público Pagante","Paying Audience","Betalende deltakere"
social_page_b2b.value.paid.price,"Valor de Mercado","Market Value","Markedsverdi"
social_page_b2b.value.subtitle,"Nossas vagas gratuitas não são caridade, são bolsas integrais financiadas pelo nosso ecossistema. Ao precificarmos o workshop para o público externo, comprovamos o alto valor da entrega para os moradores locais e para nossos investidores.","Our free spots are not charity, they are full scholarships funded by our ecosystem. By pricing the workshop for external audiences, we prove the high value delivered to local residents and our investors.","Våre gratis plasser er ikke veldedighet, de er fullstendige stipender finansiert av vårt økosystem. Ved å prise workshopen for eksterne deltakere, beviser vi den høye verdien levert til lokale innbyggere og våre investorer."
social_page_b2b.value.title,"Valor percebido. Impacto real.","Perceived value. Real impact.","Oppfattet verdi. Reell innvirkning."
workshop_info.advanced_pro,"Avançado / Pro","Advanced / Pro","Avansert / Pro"
workshop_info.all_levels,"Todos os níveis","All levels","Alle nivåer"
workshop_info.currency,"kr","kr","kr"
workshop_info.duration,"Duração","Duration","Varighet"
workshop_info.format_in_person,"Presencial","In-person","Fysisk"
workshop_info.level,"Nível","Level","Nivå"
workshop_info.price,"Investimento","Investment","Investering"
